,created_hr,set,favorite_count,retweet_count,influence_score,user_since,followers_count,listed_count,num_tags,num_media,num_symbols,num_urls,num_user_mentions,influence_interval,isVerified,isRetweeted,isReply,dotw
3232,16,5,1,0,2177.3750000000005,9,84356,909,1,0,0,1,0,2,0,0,0,2
4198,18,6,0,0,2177.0750000000003,9,84356,909,0,0,0,1,0,4,0,0,0,2
228,7,1,43,2,1643.6,9,58181,2333,0,0,0,1,0,1,0,1,0,2
801,9,2,0,0,1567.65,2,62505,67,0,0,0,0,2,0,0,0,1,2
76,7,1,0,0,1416.8250000000003,11,51792,1627,0,0,0,1,0,0,0,0,0,2
7297,16,5,2,0,1296.175,2,51718,35,0,0,0,0,2,1,0,0,1,3
4183,18,6,2,2,1295.8500000000001,2,51657,35,0,0,0,1,8,4,0,1,1,2
5940,12,3,108,5,942.6500000000001,2,35867,141,0,0,0,0,0,1,1,1,0,3
3724,18,6,2,2,908.0250000000001,2,35826,141,0,0,0,0,4,1,1,1,1,2
1864,12,3,0,0,786.3000000000001,9,29994,486,1,0,0,1,1,2,1,0,0,2
7691,16,5,4,43,768.85,9,29497,59,0,0,0,1,0,4,1,1,0,3
4020,18,6,1,0,696.325,6,26713,376,0,0,0,0,1,3,0,0,1,2
2043,12,3,0,0,688.725,10,26883,222,3,0,0,2,0,4,0,0,0,2
664,7,1,114,32,623.1999999999999,7,21955,279,0,0,0,1,0,4,0,1,0,2
7619,16,5,0,0,569.9,9,20570,742,1,0,0,1,2,3,0,0,0,3
5584,9,2,6,1,554.0500000000001,9,20638,476,0,0,0,1,0,4,0,1,0,3
3212,16,5,3,0,553.925,4,21785,112,0,0,0,1,1,2,0,0,1,2
4758,7,1,2,1,540.7250000000001,5,21413,56,0,0,0,1,9,3,0,1,1,3
157,7,1,3,0,538.1500000000001,5,21322,56,0,0,0,1,8,1,0,0,1,2
6245,12,3,9,2,531.9250000000001,8,20503,206,1,1,0,0,2,4,0,1,0,3
7281,16,5,4,2,521.8,6,20227,183,0,0,0,0,0,1,0,1,0,3
4662,7,1,33,0,428.45,8,16256,162,0,0,0,1,0,2,0,0,0,3
3496,16,5,0,0,424.925,3,16991,2,0,0,0,1,0,4,0,0,0,2
2844,14,4,0,0,424.8,3,16986,2,0,0,0,1,2,4,0,0,1,2
2767,14,4,0,0,424.8,3,16986,2,0,0,0,1,3,4,0,0,1,2
2569,14,4,0,0,424.6,3,16978,2,0,0,0,0,2,2,0,0,1,2
7048,14,4,0,0,373.07500000000005,7,14893,10,0,0,0,1,0,4,0,0,0,3
5962,12,3,7,1,315.325,2,12457,16,0,0,0,1,2,2,0,1,1,3
6254,12,3,3,1,314.125,2,12457,16,0,0,0,1,0,4,0,1,0,3
1720,12,3,4,0,313.925,2,12461,16,0,0,0,0,3,1,0,0,1,2
4770,7,1,4,0,313.8,2,12456,16,0,0,0,1,2,3,0,0,1,3
1062,9,2,2,0,313.32500000000005,2,12461,16,0,0,0,1,1,2,0,0,1,2
2769,14,4,2,0,313.27500000000003,2,12459,16,0,0,0,0,3,4,0,0,1,2
2714,14,4,2,0,313.27500000000003,2,12459,16,1,0,0,1,2,3,0,0,1,2
2455,14,4,1,0,313.0,2,12460,16,0,0,0,1,1,2,0,0,1,2
4518,7,1,1,0,312.925,2,12457,16,0,0,0,0,3,1,0,0,1,3
4825,7,1,1,0,312.90000000000003,2,12456,16,0,0,0,0,1,3,0,0,1,3
5929,12,3,0,0,312.675,2,12456,17,0,0,0,0,1,1,0,0,1,3
4374,7,1,0,0,312.625,2,12457,16,0,0,0,1,2,0,0,0,1,3
4217,18,6,0,1,276.30000000000007,3,11019,3,0,0,0,1,8,4,0,1,1,2
4014,18,6,1,0,275.62500000000006,3,11004,3,0,0,0,0,1,3,0,0,1,2
3708,18,6,0,0,271.425,3,10848,3,0,0,0,0,2,0,0,0,1,2
3493,16,5,2,0,268.52500000000003,9,10678,13,0,0,0,1,3,4,0,0,1,2
3334,16,5,0,0,267.87500000000006,9,10676,13,0,0,0,1,4,3,0,0,1,2
2872,16,5,0,0,267.725,9,10670,13,0,0,0,1,1,0,0,0,1,2
6718,14,4,6,2,252.37500000000003,8,8898,359,0,0,0,1,3,2,0,1,0,3
4714,7,1,1,2,250.8,8,8895,359,1,0,0,1,1,3,0,1,0,3
4471,7,1,0,0,249.25000000000003,8,8893,359,1,0,0,0,4,1,0,0,1,3
8137,18,6,24,3,246.6,8,9306,66,0,0,0,1,0,2,0,1,0,3
7722,16,5,0,0,240.35,9,8450,388,0,0,0,1,2,4,0,0,1,3
2850,14,4,0,0,217.325,9,4850,1281,4,0,0,2,0,4,0,0,0,2
7238,16,5,2,0,214.175,4,7394,383,0,0,0,1,8,1,0,0,1,3
2636,14,4,0,0,199.85000000000002,9,7994,0,0,0,0,0,1,3,0,0,1,2
3914,18,6,4,0,183.225,9,6993,96,0,0,0,1,0,2,0,0,0,2
7496,16,5,6,3,175.22500000000002,9,6559,102,0,1,0,0,2,3,0,1,0,3
5146,9,2,3,0,172.45000000000002,9,6556,102,1,0,0,1,0,1,0,0,0,3
6277,12,3,2,0,170.79999999999998,8,6310,166,0,0,0,1,0,4,0,0,0,3
6332,12,3,0,0,170.2,8,6310,166,0,0,0,1,4,4,0,0,1,3
927,9,2,1,1,160.07500000000002,3,6358,3,0,0,0,1,1,1,0,1,1,2
1683,12,3,1,0,159.62500000000003,3,6364,3,0,0,0,1,2,1,0,0,1,2
891,9,2,1,0,159.47500000000002,3,6358,3,0,0,0,1,2,1,0,0,1,2
1239,9,2,0,0,159.275,3,6362,3,0,0,0,1,0,3,0,0,0,2
1508,12,3,0,0,159.225,3,6360,3,0,0,0,0,0,0,0,0,0,2
796,9,2,0,0,158.95000000000002,3,6349,3,0,0,0,0,0,0,0,0,0,2
1513,12,3,0,0,157.20000000000002,9,5862,142,0,0,0,0,0,0,1,0,0,2
5289,9,2,4,0,156.75,8,5700,174,0,1,0,0,0,2,0,0,0,3
6016,12,3,0,2,155.99999999999997,6,5814,126,0,0,0,1,1,2,1,1,0,3
2467,14,4,1,0,155.47500000000002,8,5295,304,0,0,0,0,3,2,1,0,1,2
2671,14,4,1,0,155.45000000000002,8,5294,304,0,0,0,0,3,3,1,0,1,2
6041,12,3,42,2,150.45000000000002,9,5340,42,0,1,0,0,1,2,0,1,0,3
2332,14,4,0,0,149.0,3,5930,10,0,0,0,1,1,1,0,0,1,2
3649,18,6,0,0,148.975,3,5929,10,0,0,0,0,1,0,0,0,1,2
7520,16,5,1,0,146.75000000000003,4,5801,19,0,0,0,0,1,3,0,0,1,3
7728,16,5,0,0,146.47500000000002,4,5802,19,0,0,0,0,2,4,0,0,1,3
4673,7,1,0,0,145.175,5,5576,77,0,0,0,1,0,2,0,0,0,3
5747,12,3,0,0,140.85,1,5619,5,0,0,0,0,3,0,0,0,1,3
5730,12,3,0,0,140.85,1,5619,5,0,0,0,0,1,0,0,0,1,3
6224,12,3,0,0,140.8,1,5617,5,0,0,0,0,1,3,0,0,1,3
6713,14,4,0,0,140.8,1,5617,5,0,0,0,1,0,2,0,0,0,3
2666,14,4,3,0,139.95000000000002,10,5427,45,0,0,0,0,0,3,0,0,0,2
4664,7,1,0,0,139.725,2,5580,3,0,0,0,1,0,2,0,0,0,3
1878,12,3,4,1,138.35000000000002,9,5462,0,0,0,0,0,1,3,0,1,1,2
5768,12,3,0,0,136.65,9,5466,0,0,0,0,1,1,0,0,0,1,3
1804,12,3,0,0,136.425,5,5271,62,0,0,0,1,1,2,0,0,1,2
1634,12,3,0,0,136.35000000000002,5,5268,62,0,0,0,0,1,1,0,0,1,2
3832,18,6,21,3,135.55,2,5092,2,0,0,0,0,0,1,0,1,0,2
340,7,1,1,0,134.75000000000003,1,5372,2,0,0,0,0,2,2,0,0,1,2
465,7,1,0,0,134.4,1,5370,2,0,0,0,1,0,3,0,0,0,2
6251,12,3,1,0,133.60000000000002,7,5122,70,0,0,0,0,1,4,0,0,1,3
3250,16,5,0,0,133.275,7,5121,70,0,0,0,0,2,2,0,0,1,2
5137,9,2,2,0,131.95,2,5251,1,0,0,0,0,2,1,0,0,1,3
4128,18,6,0,0,127.62500000000001,2,5099,2,0,0,0,0,1,3,0,0,1,2
5345,9,2,6,0,123.575,2,4826,15,0,0,0,1,8,2,0,0,1,3
5361,9,2,4,0,122.97500000000001,2,4826,15,0,0,0,1,8,2,0,0,1,3
3405,16,5,1,1,110.07500000000002,9,4121,82,0,0,0,1,0,3,0,1,0,2
2766,14,4,1,0,109.47500000000001,9,4121,82,0,0,0,1,0,4,0,0,0,2
2657,14,4,0,0,109.20000000000002,9,4122,82,0,0,0,0,2,3,0,0,1,2
2406,14,4,0,0,109.15,9,4120,82,0,0,0,1,1,1,0,0,0,2
2374,14,4,0,0,109.15,9,4120,82,0,0,0,0,3,1,0,0,1,2
1101,9,2,1,0,107.94999999999999,9,3475,277,0,1,0,0,2,2,0,0,1,2
6008,12,3,2,0,107.27499999999999,2,4228,13,0,0,0,0,1,2,0,0,1,3
6309,12,3,1,0,106.975,2,4228,13,1,0,0,0,0,4,0,0,0,3
8229,18,6,0,0,106.7,2,4229,13,0,0,0,0,2,3,0,0,1,3
5927,12,3,0,0,106.675,2,4228,13,0,0,0,1,1,1,0,0,1,3
5994,12,3,0,0,106.675,2,4228,13,0,0,0,0,1,2,0,0,1,3
1258,9,2,0,0,106.65,2,4227,13,0,0,0,0,1,3,0,0,1,2
1112,9,2,0,0,106.65,2,4227,13,0,0,0,0,1,2,0,0,1,2
5696,12,3,0,0,106.65,2,4227,13,0,0,0,0,1,0,0,0,1,3
1080,9,2,0,0,106.65,2,4227,13,0,0,0,0,1,2,0,0,1,2
4247,18,6,0,0,106.22500000000001,7,3964,95,0,0,0,1,0,4,0,0,0,2
5258,9,2,0,0,106.15,8,3973,91,0,0,0,1,1,2,0,0,1,3
5224,9,2,0,0,104.475,9,3588,197,2,0,0,1,0,1,0,0,0,3
2035,12,3,2,0,100.45,10,3559,145,0,0,0,0,4,4,0,0,1,2
3713,18,6,0,0,98.5,9,3880,20,1,1,0,0,0,0,0,0,0,2
7345,16,5,3,3,96.80000000000001,10,3401,121,0,0,0,1,1,1,0,1,0,3
7885,18,6,0,0,96.775,9,3700,57,1,0,0,0,1,0,0,0,0,3
1423,9,2,2,3,96.72500000000001,2,3746,9,0,0,0,0,1,4,0,1,0,2
6976,14,4,7,0,94.75,8,2770,312,0,0,0,1,1,4,0,0,0,3
6586,14,4,3,0,94.4,10,2531,403,0,0,0,1,2,1,0,0,0,3
2476,14,4,0,0,94.35000000000001,2,3747,9,0,0,0,1,0,2,0,0,0,2
2571,14,4,0,0,94.35000000000001,2,3747,9,0,0,0,0,1,2,0,0,1,2
862,9,2,0,0,94.35000000000001,2,3747,9,0,0,0,0,1,0,0,0,1,2
770,9,2,0,0,94.35000000000001,2,3747,9,0,0,0,0,0,0,0,0,0,2
3261,16,5,0,0,93.30000000000001,9,3489,81,0,0,0,0,2,2,0,0,1,2
3382,16,5,0,0,93.275,9,3488,81,0,0,0,0,2,3,0,0,1,2
1517,12,3,0,0,92.92500000000001,8,3606,37,2,1,0,0,2,0,0,0,0,2
2676,14,4,1,0,91.95,5,3483,61,0,0,0,0,1,3,0,0,1,2
8440,18,6,9,5,91.12500000000001,5,3351,22,0,0,0,1,0,4,0,1,0,3
2002,12,3,0,0,90.125,8,3125,160,1,0,0,0,0,3,0,0,0,2
2451,14,4,0,0,88.60000000000001,9,3322,74,0,0,0,1,0,2,0,0,0,2
842,9,2,0,0,88.525,9,3319,74,0,0,0,0,0,0,0,0,0,2
1711,12,3,1,0,87.75,5,3399,33,0,0,0,0,3,1,0,0,1,2
902,9,2,6,0,87.125,6,2624,263,0,0,0,1,8,1,0,0,1,2
1704,12,3,4,1,87.1,6,2623,263,0,0,0,1,8,1,0,1,1,2
2100,12,3,1,0,85.6,6,2623,263,1,0,0,1,1,4,0,0,1,2
1755,12,3,1,0,85.57499999999999,6,2622,263,0,0,0,1,3,2,0,0,1,2
1639,12,3,0,0,85.3,6,2623,263,0,0,0,0,2,1,0,0,1,2
2260,14,4,0,0,85.3,6,2623,263,0,0,0,1,8,0,0,0,1,2
1775,12,3,0,0,85.27499999999999,6,2622,263,0,0,0,0,3,2,0,0,1,2
1794,12,3,0,0,85.27499999999999,6,2622,263,0,0,0,1,3,2,0,0,1,2
5117,9,2,0,0,83.37500000000001,10,3092,81,0,0,0,1,0,1,0,0,0,3
3720,18,6,0,0,82.975,1,3310,3,0,0,0,1,2,1,0,0,1,2
3058,16,5,0,0,82.775,8,3248,21,0,0,0,1,2,1,0,0,0,2
5913,12,3,1,0,82.55,5,3008,94,0,0,0,1,7,1,0,0,1,3
5014,9,2,0,0,82.375,8,3151,48,0,0,0,0,2,0,0,0,1,3
6318,12,3,0,0,82.35,8,3150,48,0,0,0,1,2,4,0,0,1,3
4451,7,1,9,0,82.17500000000001,2,3176,1,0,0,0,1,2,1,0,0,1,3
6210,12,3,6,1,81.75000000000001,6,2976,66,5,1,0,1,1,3,0,1,0,3
4675,7,1,3,0,80.575,2,3178,3,0,0,0,0,2,2,0,0,1,3
2443,14,4,0,0,80.17500000000001,5,3207,0,0,0,0,0,0,2,0,0,0,2
2744,14,4,1,0,80.0,8,2900,96,0,0,0,1,0,4,0,0,0,2
8210,18,6,1,0,79.925,6,2906,93,0,0,0,1,0,3,0,0,0,3
5073,9,2,0,0,79.45,5,3154,8,0,0,0,0,1,0,0,0,1,3
6142,12,3,0,0,79.35000000000001,6,2976,66,0,0,0,0,1,3,0,0,1,3
7529,16,5,0,0,78.9,8,3117,13,0,0,0,0,1,3,0,0,1,3
5809,12,3,0,0,78.075,9,2739,128,2,0,0,1,0,0,0,0,0,3
6543,14,4,0,0,76.80000000000001,8,2784,96,2,0,0,1,0,1,0,0,0,3
6066,12,3,0,0,76.80000000000001,8,2784,96,2,0,0,1,0,2,0,0,0,3
5005,9,2,0,0,76.725,9,2910,53,0,0,0,1,2,0,0,0,1,3
707,7,1,5,1,76.675,9,2587,132,0,0,0,1,1,4,1,1,0,2
5144,9,2,0,0,76.55000000000001,4,2984,26,5,1,0,0,2,1,0,0,0,3
5798,12,3,0,0,76.30000000000001,5,2959,31,0,0,0,0,1,0,0,0,1,3
2116,12,3,3,0,75.7,11,2785,69,0,0,0,1,1,4,0,0,0,2
2544,14,4,21,0,75.675,6,2706,23,0,1,0,0,0,2,0,0,0,2
598,7,1,0,0,74.525,8,2690,97,0,0,0,1,1,4,0,0,1,2
176,7,1,0,0,74.50000000000001,8,2689,97,0,0,0,0,3,1,0,0,1,2
152,7,1,0,0,74.50000000000001,8,2689,97,0,0,0,1,1,1,0,0,1,2
8027,18,6,1,0,74.225,5,2873,28,0,0,0,0,0,1,0,0,0,3
1630,12,3,0,0,73.95,5,2874,28,0,0,0,0,0,1,0,0,0,2
2754,14,4,0,0,73.95,5,2874,28,0,0,0,0,0,4,0,0,0,2
6733,14,4,0,0,73.925,5,2873,28,0,0,0,0,0,2,0,0,0,3
6619,14,4,0,0,73.925,5,2873,28,0,0,0,0,0,1,0,0,0,3
2499,14,4,0,0,72.22500000000001,7,2691,66,0,0,0,1,2,2,0,0,1,2
3420,16,5,6,1,72.15000000000002,6,2694,32,0,0,0,1,0,3,0,1,0,2
710,7,1,2,0,71.075,9,2816,1,0,0,0,1,0,4,0,0,0,2
5943,12,3,4,0,70.30000000000001,3,2629,45,0,0,0,1,0,1,0,0,0,3
6172,12,3,3,0,70.025,3,2630,45,0,0,0,0,1,3,0,0,1,3
2971,16,5,0,0,69.7,7,2701,29,0,0,0,0,0,0,0,0,0,2
7541,16,5,0,0,69.4,10,2542,78,0,0,0,0,2,3,0,0,1,3
5732,12,3,0,0,69.125,3,2630,45,0,0,0,0,0,0,0,0,0,3
7165,16,5,0,0,68.8,10,2617,45,0,0,0,0,1,0,0,0,1,3
2363,14,4,1,0,68.575,11,2416,105,0,0,0,0,0,1,0,0,0,2
8161,18,6,2,0,67.975,7,2455,80,0,0,0,1,1,2,0,0,0,3
8467,18,6,2,2,67.47500000000001,7,2276,117,0,0,0,1,0,4,0,1,0,3
211,7,1,1,1,66.9,6,2640,0,0,0,0,1,4,1,0,1,1,2
5017,9,2,0,0,66.55000000000001,12,2221,147,0,0,0,1,0,0,0,0,0,3
2397,14,4,0,0,66.42500000000001,12,2216,147,0,0,0,0,3,1,0,0,1,2
1130,9,2,1,0,66.3,6,2640,0,0,0,0,0,2,2,0,0,1,2
1426,9,2,0,0,66.075,6,2643,0,0,0,0,0,1,4,0,0,1,2
2485,14,4,2,0,66.05000000000001,9,1928,230,2,0,0,0,1,2,0,0,0,2
586,7,1,0,0,66.05,6,2642,0,0,0,0,0,1,4,0,0,1,2
827,9,2,0,0,66.0,6,2640,0,1,0,0,1,1,0,0,0,1,2
8015,18,6,1,0,65.97500000000001,7,2276,117,0,0,0,0,1,1,0,0,1,3
1549,12,3,0,0,65.775,9,2088,181,0,0,0,0,0,0,0,0,0,2
1467,12,3,0,0,65.775,9,2088,181,0,0,0,0,1,0,0,0,0,2
7832,18,6,0,0,65.67500000000001,7,2276,117,0,1,0,0,0,0,0,0,0,3
1291,9,2,0,0,65.45,9,1928,230,0,0,0,0,1,3,0,0,0,2
7706,16,5,0,0,64.075,7,2431,44,0,0,0,0,2,4,0,0,1,3
7241,16,5,0,0,64.0,7,2428,44,0,0,0,1,1,1,0,0,1,3
5455,9,2,3,0,63.725,6,2330,61,0,1,0,0,0,3,0,0,0,3
327,7,1,0,0,61.25,10,1604,282,0,1,0,1,1,2,0,0,0,2
2125,12,3,3,1,61.225,7,2383,2,0,0,0,1,0,4,0,1,0,2
5339,9,2,9,1,60.75,1,2247,17,1,0,0,1,0,2,0,1,0,3
4147,18,6,5,1,59.625,1,2250,17,0,0,0,0,1,4,0,1,1,2
6822,14,4,5,0,58.95,1,2247,17,0,1,0,0,2,3,0,0,1,3
7594,16,5,1,1,58.35,1,2247,17,0,0,0,1,1,3,0,1,1,3
7665,16,5,1,1,58.35,1,2247,17,0,0,0,1,5,4,0,1,1,3
1196,9,2,0,0,58.150000000000006,9,1576,250,1,0,0,1,0,3,0,0,0,2
970,9,2,0,1,58.050000000000004,1,2247,17,0,0,0,1,2,1,0,1,1,2
1881,12,3,1,0,57.95,8,1916,130,0,0,0,0,1,3,0,0,1,2
995,9,2,1,0,57.75,1,2247,17,0,0,0,0,1,1,0,0,1,2
7687,16,5,1,0,57.75,1,2247,17,0,0,0,0,1,4,0,0,1,3
6182,12,3,1,0,57.725,1,2246,17,0,0,0,0,2,3,0,0,1,3
5471,9,2,1,0,57.725,1,2246,17,0,1,0,0,2,3,0,0,1,3
5502,9,2,1,0,57.725,1,2246,17,0,0,0,0,2,3,0,0,1,3
4015,18,6,1,0,57.55,2,2263,9,0,0,0,1,0,3,0,0,0,2
5749,12,3,0,0,57.475,1,2248,17,0,0,0,0,2,0,0,0,1,3
1028,9,2,0,0,57.45,1,2247,17,0,1,0,0,2,2,0,0,1,2
7713,16,5,0,0,57.45,1,2247,17,0,0,0,0,1,4,0,0,1,3
5490,9,2,0,0,57.425000000000004,1,2246,17,0,0,0,0,1,3,0,0,1,3
846,9,2,0,0,57.425000000000004,1,2246,17,0,0,0,0,3,0,0,0,1,2
3627,18,6,0,0,57.25,2,2263,9,0,0,0,0,1,0,0,0,1,2
4218,18,6,0,0,57.25,2,2263,9,0,0,0,0,1,4,0,0,1,2
6166,12,3,1,2,57.075,4,2133,30,0,0,0,1,0,3,1,1,0,3
1966,12,3,2,0,56.550000000000004,6,1743,165,0,0,0,1,1,3,0,0,0,2
974,9,2,0,0,55.725,8,2094,45,0,0,0,1,1,1,0,0,1,2
2949,16,5,0,0,55.25,7,2114,32,0,0,0,0,1,0,0,0,0,2
4475,7,1,1,1,55.050000000000004,4,2163,1,0,0,0,1,0,1,0,1,0,3
4851,7,1,1,0,54.625,4,2170,1,0,0,0,1,0,4,0,0,0,3
3956,18,6,2,0,54.525000000000006,7,2091,22,0,0,0,0,0,2,0,0,0,2
4491,7,1,0,0,54.150000000000006,4,2163,1,0,0,0,1,0,1,0,0,0,3
4277,7,1,0,0,54.025000000000006,4,2158,1,0,0,0,1,0,0,0,0,0,3
1017,9,2,0,0,54.00000000000001,4,2157,1,0,0,0,1,0,2,0,0,0,2
3227,16,5,0,0,53.900000000000006,10,2003,51,0,0,0,0,1,2,0,0,1,2
265,7,1,0,0,53.72500000000001,4,2146,1,0,0,0,1,0,1,0,0,0,2
130,7,1,0,0,53.62500000000001,4,2142,1,0,0,0,0,0,0,0,0,0,2
1700,12,3,3,1,53.35,9,1804,90,0,0,0,1,1,1,0,1,0,2
1324,9,2,0,0,53.2,9,1903,75,0,0,0,1,0,4,0,0,0,2
46,7,1,0,0,52.525000000000006,8,2068,11,0,0,0,0,1,0,0,0,1,2
2178,14,4,0,0,52.50000000000001,8,2067,11,0,0,0,0,0,0,0,0,0,2
6194,12,3,2,0,52.475,9,1805,90,0,0,0,1,1,3,0,0,1,3
6876,14,4,0,0,52.400000000000006,8,2063,11,0,0,0,0,0,3,0,0,0,3
5939,12,3,1,0,52.175,9,1805,90,1,0,0,0,1,1,0,0,1,3
1919,12,3,0,0,51.85,9,1804,90,1,0,0,0,1,3,0,0,1,2
5419,9,2,11,1,51.775,9,1873,14,1,0,0,1,0,3,0,1,0,3
2974,16,5,0,0,51.35,6,2033,7,0,0,0,0,0,0,0,0,0,2
118,7,1,0,0,50.975,8,1724,105,4,0,0,1,1,0,0,0,0,2
3014,16,5,0,0,50.275000000000006,4,1972,13,1,0,0,1,0,0,0,0,0,2
654,7,1,2,0,50.275,5,1780,69,0,0,0,0,1,4,0,0,1,2
8208,18,6,0,0,50.25,4,1638,124,1,0,0,0,0,3,0,0,0,3
8124,18,6,0,0,50.225,4,1637,124,1,0,0,0,0,2,0,0,0,3
526,7,1,1,0,49.974999999999994,5,1780,69,0,0,0,0,1,3,0,0,1,2
4430,7,1,0,0,49.85,5,1787,69,0,0,0,0,1,1,0,0,1,3
1133,9,2,2,1,49.425000000000004,7,1914,5,0,0,0,0,0,2,0,1,0,2
2194,14,4,0,0,48.95,9,1841,39,0,0,0,0,4,0,0,0,1,2
926,9,2,0,0,48.9,9,1839,39,1,0,0,1,0,1,0,0,0,2
758,9,2,0,0,48.825,9,1836,39,0,0,0,0,1,0,0,0,1,2
4127,18,6,1,0,48.824999999999996,2,1920,7,0,0,0,1,0,3,0,0,0,2
7688,16,5,0,0,48.725,2,1928,7,0,0,0,1,0,4,0,0,0,3
7115,16,5,0,0,48.675000000000004,2,1926,7,0,0,0,0,0,0,0,0,0,3
1756,12,3,2,0,48.2,6,1823,27,0,0,0,0,3,2,0,0,1,2
3780,18,6,5,0,48.075,4,1830,11,0,0,0,0,1,1,0,0,1,2
5950,12,3,0,0,47.95,8,1894,8,0,0,0,0,0,1,0,0,0,3
2046,12,3,1,0,47.925,6,1824,27,0,0,0,0,1,4,0,0,1,2
1740,12,3,1,0,47.9,6,1823,27,0,0,0,0,1,2,0,0,1,2
4167,18,6,0,0,47.7,7,1902,2,0,0,0,0,1,4,0,0,1,2
1589,12,3,0,0,47.6,6,1823,27,0,0,0,0,1,1,0,0,1,2
5623,9,2,0,0,47.375,9,1466,143,0,0,0,1,0,4,0,0,0,3
5313,9,2,0,0,47.325,9,1464,143,0,0,0,1,1,2,0,0,1,3
2755,14,4,1,1,47.275,5,1753,34,2,1,0,0,0,4,0,1,0,2
4016,18,6,21,0,46.7,5,1448,56,0,0,0,0,1,3,0,0,1,2
4426,7,1,1,0,46.625,3,1844,3,0,0,0,0,1,1,0,0,1,3
4822,7,1,0,0,46.6,9,1864,0,0,0,0,1,1,3,0,0,1,3
2034,12,3,0,0,46.400000000000006,3,1847,3,0,0,0,0,1,4,0,0,1,2
2776,14,4,0,0,46.375,5,1753,34,1,0,0,1,0,4,0,0,0,2
2071,12,3,1,0,46.3,7,1468,124,0,0,0,0,1,4,0,0,0,2
5757,12,3,0,0,46.12500000000001,5,1662,61,2,0,0,0,1,0,0,0,1,3
6161,12,3,0,0,46.075,5,1660,61,0,0,0,0,1,3,0,0,1,3
6777,14,4,1,0,46.05,9,1794,12,0,0,0,1,0,2,0,0,0,3
2064,12,3,0,0,46.0,7,1468,124,0,0,0,0,1,4,0,0,0,2
8082,18,6,2,0,45.925000000000004,9,1711,34,0,0,0,0,0,2,0,0,0,3
5038,9,2,0,0,45.775,8,1759,24,0,0,0,1,1,0,0,0,0,3
5167,9,2,0,0,45.775,8,1759,24,0,0,0,1,1,1,0,0,0,3
7640,16,5,0,0,44.900000000000006,7,1796,0,0,0,0,0,0,4,0,0,0,3
7392,16,5,0,0,44.900000000000006,7,1796,0,0,0,0,0,0,2,0,0,0,3
1302,9,2,3,2,44.4,5,1680,4,0,0,0,0,0,4,0,1,0,2
1771,12,3,36,1,43.975,3,1255,16,3,1,0,0,0,2,0,1,0,2
2888,16,5,0,0,43.725,2,1740,3,1,0,0,1,1,0,0,0,1,2
1013,9,2,1,0,43.65,3,1719,5,0,0,0,1,0,2,0,0,0,2
947,9,2,1,0,43.625,3,1718,5,0,0,0,1,1,1,0,0,1,2
5106,10,2,0,0,42.85,6,1552,54,0,0,0,0,0,0,0,0,0,3
5301,9,2,0,0,42.825,6,1551,54,0,0,0,1,0,2,0,0,0,3
199,7,1,0,0,42.775,0,1705,2,0,0,0,1,3,1,0,0,1,2
4088,18,6,0,0,42.62500000000001,0,1702,1,0,0,0,0,1,3,0,0,1,2
2075,12,3,2,0,42.575,4,1550,43,0,0,0,0,2,4,0,0,1,2
4923,7,1,0,0,42.00000000000001,4,1551,43,0,0,0,0,3,4,0,0,1,3
1953,12,3,0,0,42.00000000000001,4,1551,43,0,0,0,0,1,3,0,0,1,2
4347,7,1,0,0,41.975,8,1484,65,2,0,0,0,0,0,0,0,0,3
5024,9,2,0,0,41.975,8,1484,65,2,0,0,0,0,0,0,0,0,3
4765,7,1,0,0,41.975,4,1550,43,0,0,0,0,1,3,0,0,1,3
3794,18,6,0,0,41.975,8,1484,65,1,0,0,1,0,1,0,0,0,2
6845,14,4,7,2,41.375,1,1505,6,0,0,0,1,8,3,0,1,1,3
5101,9,2,0,0,41.35,6,1279,125,0,0,0,0,1,0,0,0,1,3
4950,7,1,2,0,41.050000000000004,5,1450,56,0,0,0,0,1,4,0,0,1,3
6921,14,4,0,0,41.050000000000004,9,1633,3,0,0,0,0,1,3,0,0,1,3
6589,14,4,0,0,41.025000000000006,9,1632,3,0,0,0,0,1,1,0,0,1,3
6612,14,4,0,0,41.025000000000006,9,1632,3,0,0,0,0,1,1,0,0,1,3
2302,14,4,3,0,40.95,4,1596,2,0,0,0,0,0,1,0,0,0,2
3680,18,6,0,0,40.85,9,1511,41,0,0,0,1,1,0,0,0,1,2
7732,16,5,5,2,40.800000000000004,1,1506,6,0,0,0,1,9,4,0,1,1,3
906,9,2,0,0,40.800000000000004,9,1509,41,0,0,0,0,2,1,0,0,1,2
4747,7,1,2,0,40.550000000000004,9,1352,82,0,0,0,0,2,3,0,0,1,3
8320,18,6,0,0,40.425000000000004,5,1449,56,0,0,0,0,1,3,0,0,1,3
4342,7,1,0,0,40.425000000000004,5,1449,56,0,0,0,0,1,0,0,0,1,3
4779,7,1,1,0,40.25,9,1352,82,0,0,0,1,7,3,0,0,1,3
6659,14,4,0,0,40.2,8,1602,2,0,0,0,0,0,2,0,0,0,3
6100,12,3,5,1,40.175000000000004,1,1505,6,0,0,0,1,8,3,0,1,1,3
7611,16,5,4,1,39.875,1,1505,6,0,0,0,1,9,3,0,1,1,3
3031,16,5,4,1,39.825,1,1503,6,0,0,0,1,8,1,0,1,1,2
5605,9,2,0,0,39.62500000000001,9,1462,41,0,0,0,0,0,4,0,0,0,3
7054,14,4,0,0,39.575,9,1565,6,0,0,0,1,0,4,0,0,0,3
3523,16,5,4,0,39.22500000000001,1,1503,6,0,0,0,1,8,4,0,0,1,2
2592,14,4,2,1,39.22500000000001,1,1503,6,0,0,0,0,1,3,0,1,1,2
3369,16,5,4,0,39.22500000000001,1,1503,6,0,0,0,1,8,3,0,0,1,2
4202,18,6,4,0,39.20000000000001,1,1502,6,0,0,0,1,8,4,0,0,1,2
3178,16,5,4,0,39.0,3,1476,12,0,0,0,0,2,2,0,0,1,2
4123,18,6,3,0,38.925000000000004,1,1503,6,0,0,0,1,8,3,0,0,1,2
3039,16,5,3,0,38.925000000000004,1,1503,6,0,0,0,1,8,1,0,0,1,2
7769,16,5,2,0,38.7,1,1506,6,0,0,0,1,8,4,0,0,1,3
7798,18,6,0,0,38.675000000000004,9,1463,28,0,0,0,0,1,0,0,0,0,3
7919,18,6,2,0,38.675000000000004,1,1505,6,0,0,0,1,8,1,0,0,1,3
2841,14,4,0,0,38.6,7,1529,5,0,0,0,0,3,4,0,0,1,2
6382,14,4,0,0,38.6,7,1529,5,0,0,0,0,0,0,0,0,0,3
1311,9,2,1,0,37.85,9,1394,36,0,0,0,1,0,4,0,0,0,2
2301,14,4,2,0,37.75,5,1390,32,0,0,0,0,0,1,0,0,0,2
4108,18,6,0,0,37.725,9,1497,4,0,0,0,1,0,3,0,0,0,2
6633,14,4,0,0,37.550000000000004,9,1394,36,0,0,0,0,3,1,0,0,1,3
6063,12,3,0,0,37.550000000000004,9,1394,36,0,0,0,0,2,2,0,0,1,3
5662,10,2,1,0,37.5,7,1479,3,0,0,0,0,1,4,0,0,1,3
7143,16,5,0,0,37.15,5,1390,32,0,0,0,0,0,0,0,0,0,3
3743,18,6,4,1,36.85,8,1231,57,0,0,0,0,4,1,0,1,1,2
6629,14,4,3,0,36.575,9,902,175,0,0,0,0,1,1,0,0,1,3
8039,18,6,0,0,35.75,8,1424,2,0,0,0,0,0,1,0,0,0,3
4617,7,1,2,0,35.7,8,1233,57,0,0,0,0,1,2,0,0,1,3
4576,7,1,1,0,35.400000000000006,8,1233,57,0,0,0,0,1,2,0,0,1,3
4606,7,1,1,0,35.400000000000006,8,1233,57,0,0,0,1,0,2,0,0,0,3
8265,18,6,1,0,35.25,8,1230,56,0,1,0,0,0,3,0,0,0,3
4874,7,1,0,0,35.1,8,1233,57,0,0,0,0,1,4,0,0,1,3
736,9,2,0,0,35.075,9,1271,44,1,0,0,1,0,0,0,0,0,2
4440,7,1,0,0,35.075,8,1232,57,0,0,0,0,2,1,0,0,1,3
5037,9,2,0,0,35.075,8,1232,57,0,0,0,0,1,0,0,0,1,3
3878,18,6,0,0,35.050000000000004,7,1372,10,0,0,0,0,0,2,0,0,0,2
4182,18,6,0,0,35.025,7,1371,10,0,0,0,0,1,4,0,0,1,2
5956,12,3,4,1,35.0,6,1295,11,0,0,0,0,0,2,0,1,0,3
607,7,1,2,0,34.825,0,1369,0,0,0,0,1,0,4,0,0,0,2
7295,16,5,0,0,34.824999999999996,7,1381,4,0,0,0,0,0,1,0,0,0,3
5095,9,2,0,0,34.824999999999996,7,1381,4,0,0,0,0,0,0,0,0,0,3
5514,9,2,0,0,34.824999999999996,7,1381,4,0,0,0,0,0,3,0,0,0,3
5618,9,2,0,0,34.824999999999996,7,1381,4,0,0,0,0,0,4,0,0,0,3
4956,7,1,0,0,34.75,0,1390,0,0,0,0,1,0,4,0,0,0,3
8151,18,6,0,0,34.6,3,1345,13,0,0,0,0,1,2,0,0,1,3
4985,9,2,0,0,34.35,0,1374,0,1,0,0,0,0,0,0,0,0,3
1867,12,3,0,0,34.225,0,1369,0,0,0,0,1,1,2,0,0,0,2
458,7,1,0,0,34.2,0,1368,0,0,0,0,1,0,3,0,0,0,2
655,7,1,12,3,34.175,7,1130,7,0,0,0,0,0,4,0,1,0,2
3300,16,5,0,0,34.00000000000001,2,1357,1,0,0,0,0,1,3,0,0,1,2
3028,16,5,0,0,34.00000000000001,2,1357,1,0,0,0,0,1,1,0,0,1,2
8279,18,6,0,0,33.75,8,1344,2,0,0,0,0,0,3,0,0,0,3
5169,9,2,0,0,33.2,6,1295,11,0,0,0,0,0,1,0,0,0,3
6162,12,3,0,0,33.2,6,1295,11,0,0,0,0,0,3,0,0,0,3
3163,16,5,0,0,32.975,5,1193,42,0,0,0,1,0,2,0,0,0,2
8017,18,6,2,0,32.85,6,1257,11,0,0,0,1,0,1,0,0,0,3
4677,7,1,2,0,32.85,2,1194,32,0,0,0,0,1,2,0,0,1,3
5085,9,2,0,0,32.775,4,1296,5,0,0,0,0,1,0,0,0,1,3
4329,7,1,0,0,32.75,4,1295,5,0,0,0,0,1,0,0,0,1,3
5442,9,2,2,0,32.725,8,1285,0,0,0,0,0,1,3,0,0,1,3
7114,16,5,0,0,32.2,5,1270,6,0,0,0,0,1,0,0,0,1,3
4795,7,1,8,0,32.2,4,1189,1,0,0,0,1,0,3,0,0,0,3
1956,12,3,0,0,31.6,2,1165,33,0,0,0,1,0,3,0,0,0,2
3998,18,6,4,0,31.575,1,1212,1,1,0,0,1,0,3,0,0,0,2
2849,14,4,4,0,31.375,9,1027,60,0,0,0,0,1,4,0,0,1,2
8325,18,6,3,0,30.55,9,1081,35,0,0,0,1,1,3,0,0,0,3
5386,10,2,0,0,30.475,8,1069,50,1,0,0,0,0,2,0,0,0,3
6532,14,4,0,0,30.35,9,1034,60,0,0,0,1,3,1,0,0,1,3
6943,14,4,0,0,30.35,9,1034,60,0,0,0,1,3,4,0,0,1,3
6550,14,4,0,0,30.35,9,1034,60,0,0,0,1,3,1,0,0,1,3
2273,14,4,0,0,30.200000000000003,9,1028,60,0,0,0,0,3,0,0,0,1,2
932,9,2,8,0,30.175,7,1102,3,0,0,0,1,0,1,0,0,0,2
2398,14,4,4,0,30.025,5,1150,1,0,0,0,1,0,1,0,0,0,2
6010,12,3,1,0,30.000000000000004,9,1173,5,0,0,0,1,0,2,0,0,0,3
6886,14,4,0,0,29.900000000000002,8,1142,18,0,0,0,0,1,3,0,0,0,3
2924,16,5,0,0,29.900000000000002,7,1187,3,0,0,0,1,0,0,0,0,0,2
694,7,1,1,0,29.75,1,1175,1,0,0,0,1,0,4,0,0,0,2
3187,16,5,0,0,29.650000000000002,6,1168,6,0,0,0,0,0,2,0,0,0,2
2946,16,5,0,0,29.425,8,1162,5,0,0,0,0,0,0,0,0,0,2
2490,14,4,0,0,29.375000000000004,5,1163,4,0,0,0,0,0,2,0,0,0,2
2715,14,4,1,0,29.1,2,1152,0,0,0,0,0,1,3,0,0,1,2
2939,16,5,0,0,29.1,8,1122,14,0,0,0,1,0,0,0,0,0,2
537,7,1,1,0,29.075,7,1130,7,0,0,0,1,0,3,0,0,0,2
3413,16,5,2,0,28.925000000000004,8,1109,8,9,0,0,1,0,3,0,0,0,2
2803,14,4,0,0,28.875,5,1152,1,0,0,0,0,1,4,0,0,1,2
5925,12,3,3,0,28.349999999999998,6,1095,1,0,0,0,1,0,1,0,0,0,3
2372,14,4,1,0,28.250000000000004,6,1106,4,0,0,0,1,0,1,0,0,0,2
1684,12,3,0,0,28.225,10,976,51,0,0,0,1,0,1,0,0,0,2
3044,16,5,0,0,28.225,5,1081,16,1,0,0,0,1,1,0,0,1,2
2081,12,3,21,1,28.224999999999998,4,850,1,0,0,0,0,0,4,0,1,0,2
2742,14,4,2,0,28.125000000000004,5,969,44,0,0,0,0,3,4,0,0,1,2
2911,16,5,0,0,27.975,7,1107,4,0,0,0,0,0,0,0,0,0,2
2790,14,4,2,3,27.925,7,1021,0,0,0,0,1,0,4,0,1,0,2
7602,16,5,5,0,27.925,7,1021,12,0,0,0,1,0,3,0,0,0,3
4452,7,1,0,1,27.775000000000002,10,880,69,0,0,0,1,2,1,0,1,0,3
4224,18,6,2,0,27.650000000000006,7,1058,8,0,0,0,1,4,4,0,0,1,2
4367,7,1,0,0,27.65,4,1100,2,0,0,0,0,0,0,0,0,0,3
4422,7,1,0,1,27.500000000000004,9,1037,13,0,0,0,0,1,1,0,1,1,3
2546,14,4,6,0,27.475,0,1015,4,1,0,0,1,2,2,0,0,1,2
3668,18,6,0,0,27.45,7,807,97,0,0,0,1,1,0,0,0,1,2
3004,16,5,0,0,27.325,7,1087,2,0,0,0,0,0,0,0,0,0,2
6470,14,4,0,0,27.3,5,1086,2,0,0,0,0,1,0,0,0,0,3
8390,18,6,9,1,27.250000000000004,2,928,10,0,1,0,0,0,4,0,1,0,3
896,9,2,0,0,27.200000000000003,9,968,40,0,0,0,1,0,1,0,0,0,2
8170,18,6,1,1,27.15,6,1047,1,0,0,0,0,0,2,0,1,1,3
2345,14,4,1,0,27.100000000000005,10,1063,3,0,1,0,0,1,1,0,0,1,2
2510,14,4,3,0,27.025,7,1000,15,0,0,0,1,8,2,0,0,1,2
8230,18,6,0,1,26.950000000000003,7,1009,15,0,0,0,1,2,3,0,1,1,3
2136,12,3,2,1,26.85,0,1014,4,0,0,0,1,4,4,0,1,1,2
1815,12,3,2,0,26.725,7,1000,15,0,0,0,1,8,2,0,0,1,2
6107,12,3,1,1,26.650000000000002,0,1018,4,0,0,0,1,3,3,0,1,1,3
7208,16,5,0,0,26.6,7,1043,7,0,0,0,0,1,0,0,0,1,3
7662,16,5,1,0,26.6,9,1052,0,0,0,0,0,1,4,0,0,1,3
614,7,1,1,0,26.575000000000003,9,1051,0,0,0,0,1,3,4,0,0,1,2
925,9,2,3,0,26.525000000000002,0,1013,4,0,0,0,1,9,1,0,0,1,2
7477,16,5,0,0,26.425,7,1021,12,0,0,0,1,1,2,0,0,1,3
538,7,1,0,0,26.375,7,1019,12,0,0,0,1,0,3,0,0,0,2
7359,16,5,0,0,26.375,9,1007,16,1,0,0,1,0,2,0,0,0,3
7204,16,5,0,0,26.325000000000003,7,1008,15,0,1,0,0,1,0,0,0,1,3
3566,16,5,2,0,26.325000000000003,0,1017,4,0,0,0,1,3,4,0,0,1,2
4220,18,6,0,0,26.3,9,1052,0,0,0,0,0,2,4,0,0,1,2
7082,16,5,0,0,26.3,9,1052,0,0,0,0,0,1,0,0,0,1,3
7089,16,5,0,0,26.3,9,1052,0,0,0,0,0,1,0,0,0,1,3
4061,18,6,0,0,26.3,9,1052,0,0,0,0,0,3,3,0,0,1,2
3626,18,6,0,0,26.275000000000002,9,1051,0,0,0,0,1,3,0,0,0,1,2
1971,12,3,2,0,26.250000000000004,0,1014,4,0,0,0,1,4,3,0,0,1,2
5846,12,3,0,0,26.250000000000004,9,966,28,0,0,0,1,1,1,0,0,1,3
6,7,1,0,0,26.25,9,1050,0,0,0,0,1,1,0,0,0,1,2
4840,7,1,11,1,26.2,6,874,6,0,1,0,0,1,4,0,1,1,3
2167,14,4,0,0,26.125,7,1000,15,0,0,0,1,0,0,0,0,0,2
4984,9,2,0,0,26.125,7,1000,15,0,0,0,1,8,0,0,0,1,3
4388,7,1,0,0,26.125,7,1000,15,0,1,0,0,1,0,0,0,1,3
3057,16,5,1,0,25.975,0,1015,4,0,0,0,1,4,1,0,0,1,2
7104,16,5,0,0,25.975,9,1003,12,0,0,0,1,2,0,0,0,1,3
1407,9,2,16,1,25.975,4,799,8,0,1,0,0,0,4,0,1,0,2
3218,16,5,1,0,25.950000000000003,0,1014,4,0,0,0,1,1,2,0,0,1,2
7228,16,5,4,1,25.875,7,945,6,1,0,0,1,0,1,0,1,0,3
4211,18,6,0,0,25.825000000000003,7,1018,5,0,0,0,1,0,4,0,0,0,2
6757,14,4,1,0,25.8,4,1017,1,0,0,0,0,1,2,0,0,1,3
2478,14,4,0,0,25.750000000000004,7,1003,9,1,0,0,0,1,2,0,0,0,2
5748,12,3,0,0,25.725,7,948,27,2,0,0,1,1,0,0,0,0,3
6027,12,3,1,0,25.700000000000003,6,998,6,0,0,0,1,0,2,0,0,0,3
2958,16,5,0,0,25.625000000000004,0,1013,4,0,0,0,0,1,0,0,0,1,2
7800,18,6,0,0,25.625,7,974,17,0,0,0,0,0,0,0,0,0,3
5639,9,2,1,1,25.549999999999997,2,905,27,0,0,0,1,1,4,0,1,1,3
6344,12,3,0,0,25.5,6,1002,6,0,0,0,1,0,4,0,0,0,3
1783,12,3,5,0,25.5,2,930,10,0,0,0,1,0,2,0,0,0,2
6320,12,3,0,0,25.5,6,1002,6,0,0,0,1,0,4,0,0,0,3
6187,12,3,0,0,25.475,6,1001,6,0,0,0,1,0,3,0,0,0,3
6440,14,4,0,0,25.375,6,997,6,0,0,0,0,0,0,0,0,0,3
1895,12,3,0,0,24.975,8,987,4,0,0,0,0,0,3,0,0,0,2
5171,9,2,1,0,24.95,2,905,27,0,0,0,1,2,1,0,0,1,3
396,7,1,0,0,24.8,6,974,6,0,0,0,1,0,2,0,0,0,2
5833,12,3,3,0,24.724999999999998,1,950,1,0,0,0,1,0,1,0,0,0,3
6338,12,3,2,0,24.550000000000004,2,928,10,0,0,0,0,0,4,0,0,0,3
7922,18,6,1,0,24.525000000000002,7,930,13,0,0,0,0,4,1,0,0,1,3
7248,16,5,1,0,24.375,7,945,6,0,0,0,0,1,1,0,0,1,3
8092,18,6,1,0,24.275000000000002,7,935,8,0,0,0,0,0,2,0,0,0,3
7693,16,5,1,0,24.250000000000004,2,928,10,0,0,0,0,0,4,0,0,1,3
7564,16,5,1,0,24.250000000000004,2,928,10,0,0,0,0,1,3,0,0,1,3
8113,18,6,0,0,24.225,7,930,13,0,0,0,0,4,2,0,0,1,3
7277,16,5,1,0,24.225,2,927,10,0,0,0,0,0,1,0,0,1,3
7941,18,6,0,0,24.225,7,930,13,0,0,0,0,4,1,0,0,1,3
1149,9,2,0,0,24.150000000000002,9,948,6,0,0,0,0,1,2,0,0,1,2
6367,12,3,1,0,24.125,1,950,1,0,0,0,1,0,4,0,0,0,3
7419,16,5,0,0,24.125,10,869,32,1,0,0,0,1,2,0,0,1,3
7829,18,6,0,0,24.125,7,959,2,0,0,0,0,0,0,0,0,0,3
6261,12,3,1,0,24.125,1,950,1,0,0,0,1,0,4,0,0,0,3
4086,18,6,0,0,23.975,2,929,10,0,0,0,0,1,3,0,0,1,2
3997,18,6,0,0,23.975,7,935,8,0,0,0,0,0,3,0,0,0,2
5905,12,3,0,0,23.950000000000003,2,928,10,0,1,0,0,0,1,0,0,0,3
7824,18,6,0,0,23.925,2,927,10,0,0,0,0,1,0,0,0,1,3
434,7,1,1,0,23.925,9,807,46,0,1,0,0,0,2,0,0,0,2
7447,16,5,2,0,23.825000000000003,1,911,6,2,0,0,0,1,2,0,0,1,3
7179,16,5,0,0,23.6,9,938,2,0,0,0,0,0,0,0,0,0,3
229,7,1,1,0,23.6,1,914,6,0,0,0,0,1,1,0,0,1,2
5292,9,2,0,0,23.6,9,938,2,0,0,0,1,0,2,0,0,0,3
7289,16,5,0,0,23.6,9,938,2,0,0,0,1,0,1,0,0,0,3
7439,16,5,0,0,23.575,9,937,2,0,0,0,1,0,2,0,0,0,3
4541,7,1,1,0,23.525000000000002,1,911,6,0,0,0,1,1,1,0,0,1,3
7598,16,5,1,0,23.5,1,910,6,0,0,0,0,1,3,0,0,1,3
7558,16,5,1,0,23.5,1,910,6,0,0,0,0,1,3,0,0,1,3
3404,16,5,2,0,23.475,8,849,22,0,0,0,1,0,3,0,0,0,2
6994,14,4,0,0,23.450000000000003,7,818,40,0,0,0,1,1,4,0,0,0,3
7396,16,5,0,0,23.375000000000004,11,803,44,0,0,0,1,1,2,0,0,0,3
5283,9,2,0,0,23.375000000000004,11,803,44,0,0,0,1,0,2,0,0,0,3
1326,9,2,2,1,23.35,2,886,0,1,1,0,0,0,4,0,1,0,2
620,7,1,0,0,23.275000000000002,1,913,6,0,0,0,0,1,4,0,0,1,2
385,7,1,0,0,23.275000000000002,1,913,6,0,0,0,1,8,2,0,0,1,2
4438,7,1,0,0,23.225,1,911,6,0,0,0,0,1,1,0,0,1,3
7095,16,5,0,0,23.225,1,911,6,0,0,0,0,2,0,0,0,1,3
4281,7,1,0,0,23.225,1,911,6,0,0,0,0,2,0,0,0,1,3
4652,7,1,0,0,23.225,1,911,6,0,0,0,1,1,2,0,0,1,3
60,7,1,0,0,23.200000000000003,9,736,64,0,0,0,1,1,0,0,0,1,2
7397,16,5,3,1,23.150000000000002,8,836,10,0,0,0,0,0,2,0,1,0,3
4091,18,6,2,1,23.099999999999998,7,855,7,0,0,0,1,0,3,0,1,0,2
1279,9,2,1,0,22.975,6,892,5,0,0,0,1,0,3,0,0,0,2
4719,7,1,1,1,22.925,9,821,20,0,0,0,1,0,3,0,1,0,3
3021,16,5,3,1,22.925,7,815,14,0,0,0,0,0,1,0,1,0,2
178,7,1,0,0,22.85,8,911,1,0,0,0,0,0,1,0,0,0,2
5509,9,2,5,4,22.85,9,749,3,0,1,0,0,0,3,0,1,0,3
848,9,2,0,0,22.8,9,810,34,0,0,0,1,1,0,0,0,1,2
7632,16,5,2,0,22.575000000000003,7,873,2,0,0,0,1,0,3,0,0,0,3
4928,7,1,1,0,22.325000000000003,9,821,20,0,0,0,1,0,4,0,0,0,3
7403,16,5,0,0,22.3,7,712,60,1,0,0,0,0,2,0,0,0,3
8439,18,6,5,0,22.224999999999998,10,748,27,0,0,0,0,0,4,0,0,1,3
1066,9,2,0,0,22.200000000000003,2,888,0,0,0,0,1,1,2,0,0,1,2
1104,9,2,1,1,22.15,5,832,6,0,0,0,1,0,2,0,1,0,2
6656,14,4,0,0,22.025000000000002,9,821,20,0,0,0,0,0,2,0,0,0,3
6839,14,4,0,0,22.025000000000002,9,821,20,0,0,0,1,0,3,0,0,0,3
7387,16,5,0,0,22.0,7,844,12,0,1,0,0,1,2,0,0,1,3
4569,7,1,0,0,22.0,9,820,20,0,0,0,0,0,2,0,0,0,3
7490,16,5,0,0,21.975,8,867,4,0,0,0,0,3,2,0,0,1,3
4215,18,6,0,0,21.9,7,855,7,0,0,0,0,0,4,0,0,0,2
6279,12,3,0,0,21.875,9,827,16,0,0,0,0,1,4,0,0,1,3
1876,12,3,0,0,21.450000000000003,9,846,4,0,0,0,0,1,3,0,0,1,2
6271,12,3,1,0,21.400000000000002,9,817,9,0,0,0,0,2,4,0,0,1,3
7398,16,5,0,0,21.375000000000004,7,783,24,2,1,0,0,0,2,0,0,0,3
2913,16,5,0,0,21.3,5,852,0,0,0,0,0,3,0,0,0,1,2
6329,12,3,1,0,21.275000000000002,6,731,36,0,0,0,1,2,4,0,0,1,3
8432,18,6,5,11,21.275,0,461,22,0,0,0,0,0,4,0,1,0,3
6388,14,4,0,0,21.125,8,782,21,0,0,0,1,0,0,0,0,0,3
6585,14,4,0,0,21.125,8,782,21,0,0,0,1,0,1,0,0,0,3
4831,7,1,1,0,21.125,8,725,36,0,0,0,0,2,3,0,0,1,3
6512,14,4,0,0,21.125,8,782,21,0,0,0,1,3,0,0,0,1,3
8107,18,6,0,0,21.125,5,809,12,0,0,0,1,0,2,0,0,0,3
6609,14,4,0,0,21.125,8,782,21,0,0,0,1,1,1,0,0,1,3
2831,14,4,0,0,21.1,9,811,11,0,0,0,1,1,4,0,0,0,2
4650,7,1,1,0,21.1,9,715,39,0,1,0,0,1,2,0,0,1,3
2609,14,4,0,0,21.075,9,810,11,1,0,0,1,1,3,0,0,0,2
6651,14,4,4,0,21.0,9,738,18,0,0,0,0,2,1,0,0,1,3
8029,18,6,1,0,20.950000000000003,7,817,3,0,0,0,1,1,1,0,0,1,3
8464,18,6,1,0,20.950000000000003,7,817,3,0,0,0,0,1,4,0,0,1,3
1741,12,3,2,0,20.825000000000003,9,794,5,0,0,0,0,2,2,0,0,1,2
7948,18,6,9,0,20.775,5,717,2,0,0,0,1,0,1,0,0,0,3
99,7,1,0,0,20.75,1,764,22,0,0,0,1,1,0,0,0,1,2
3287,16,5,1,0,20.55,9,795,5,0,0,0,0,1,2,0,0,1,2
1874,12,3,0,0,20.525000000000002,8,788,11,0,0,0,0,0,3,0,0,0,2
6124,12,3,6,0,20.525000000000002,7,719,10,0,0,0,1,0,3,0,0,0,3
18,7,1,0,0,20.450000000000003,10,779,13,0,0,0,1,1,0,0,0,0,2
6340,12,3,0,0,20.35,6,802,4,0,0,0,1,0,4,0,0,0,3
3550,16,5,1,0,20.35,7,757,15,0,0,0,0,0,4,0,0,0,2
6750,14,4,0,0,20.325000000000003,9,798,5,0,0,0,0,1,2,0,0,1,3
6700,14,4,0,0,20.325000000000003,9,798,5,0,0,0,0,2,2,0,0,1,3
5734,12,3,0,0,20.3,9,797,5,0,1,0,0,2,0,0,0,1,3
6591,14,4,0,0,20.3,9,797,5,0,0,0,0,2,1,0,0,1,3
4994,9,2,0,0,20.275000000000002,6,796,5,0,0,0,0,0,0,0,0,0,3
6104,12,3,1,0,20.275000000000002,5,799,0,0,0,0,0,1,3,0,0,1,3
5272,9,2,0,0,20.275000000000002,6,796,5,0,0,0,0,0,2,0,0,0,3
7730,16,5,0,0,20.25,6,774,12,0,0,0,0,0,4,0,0,0,3
7246,16,5,0,0,20.225,7,803,2,0,0,0,1,1,1,0,0,1,3
4941,7,1,36,1,20.175,6,342,3,0,0,0,0,3,4,0,1,1,3
2033,12,3,2,0,20.1,9,738,14,0,0,0,1,0,4,0,0,0,2
2044,12,3,1,0,19.975,9,781,2,0,0,0,0,0,4,0,0,0,2
7231,16,5,1,0,19.775000000000002,9,737,14,0,0,0,1,0,1,0,0,0,3
6570,14,4,1,0,19.275,6,693,22,0,0,0,0,2,1,0,0,1,3
6506,14,4,0,0,19.15,3,760,2,0,0,0,0,0,0,0,0,0,3
2270,14,4,0,0,18.95,6,725,11,0,0,0,1,0,0,0,0,0,2
5894,12,3,0,0,18.750000000000004,7,711,13,0,0,0,1,0,1,0,0,0,3
5667,10,2,16,0,18.725,4,527,10,1,0,0,0,0,4,0,0,0,3
2750,14,4,1,0,18.625,4,733,0,0,0,0,1,0,4,0,0,0,2
7425,16,5,3,0,18.575,5,704,1,0,0,0,0,0,2,0,0,0,3
3517,16,5,1,0,18.55,2,712,6,0,0,0,0,0,4,0,0,0,2
7717,16,5,0,0,18.55,9,697,15,0,0,0,1,0,4,0,0,0,3
4145,18,6,2,0,18.475,10,667,16,0,0,0,0,2,4,0,0,1,2
5505,9,2,2,0,18.450000000000003,10,666,16,0,0,0,0,0,3,0,0,0,3
7015,14,4,1,0,18.375,5,717,2,0,0,0,0,1,4,0,0,1,3
6722,14,4,0,0,18.325,6,640,31,0,0,0,0,0,2,0,0,1,3
3468,16,5,0,0,18.2,9,386,114,0,0,0,1,0,4,0,0,0,2
2492,14,4,0,0,18.2,9,386,114,0,0,0,1,0,2,0,0,0,2
2095,12,3,0,0,18.2,9,386,114,1,0,0,1,0,4,0,0,0,2
8380,18,6,0,0,18.1,5,628,32,0,0,0,1,0,4,0,0,0,3
257,7,1,1,0,18.075,10,600,37,0,0,0,0,1,1,0,0,1,2
8472,18,6,1,0,18.025000000000002,9,556,51,0,0,0,0,1,4,0,0,1,3
893,9,2,2,0,17.950000000000003,5,691,1,0,0,0,1,0,1,0,0,0,2
5071,9,2,0,0,17.85,7,711,1,0,0,0,0,0,0,0,0,0,3
3681,18,6,0,0,17.8,4,622,30,0,0,0,1,1,0,0,0,1,2
7445,16,5,0,0,17.775,10,663,16,0,0,0,0,2,2,0,0,1,3
6468,14,4,0,0,17.775,10,600,37,0,0,0,0,1,0,0,0,1,3
8095,18,6,0,0,17.7,9,555,51,0,0,0,0,1,2,0,0,0,3
2759,14,4,2,0,17.7,5,663,7,0,0,0,0,1,4,0,0,1,2
6693,14,4,2,0,17.600000000000005,5,671,3,0,0,0,1,0,2,0,0,0,3
5856,12,3,0,0,17.575,7,697,2,0,0,0,0,0,1,0,0,0,3
1821,12,3,0,0,17.55,2,693,3,0,0,0,0,2,2,0,0,1,2
7787,18,6,0,0,17.525,6,698,1,0,0,0,0,1,0,0,0,1,3
1929,12,3,0,0,17.525,7,698,1,0,0,0,0,0,3,0,0,0,2
1319,9,2,0,0,17.525,7,698,1,0,0,0,0,0,4,0,0,0,2
5070,9,2,0,0,17.400000000000002,9,672,8,0,0,0,0,1,0,0,0,1,3
711,7,1,3,2,17.325,1,603,2,1,0,0,1,0,4,0,1,0,2
5068,9,2,0,0,17.15,9,626,20,0,0,0,0,2,0,0,0,1,3
1941,12,3,1,0,17.1,9,651,7,0,0,0,1,1,3,0,0,0,2
6953,14,4,0,0,17.000000000000004,5,671,3,0,0,0,1,0,4,0,0,0,3
4958,7,1,10,0,16.950000000000003,9,549,3,0,0,0,1,0,4,0,0,0,3
6341,12,3,0,0,16.925,4,674,1,0,0,0,0,0,4,0,0,0,3
7020,14,4,4,1,16.900000000000002,9,604,0,0,0,0,1,8,4,0,1,1,3
4333,7,1,0,0,16.775,6,653,6,0,0,0,0,0,0,0,0,0,3
140,7,1,0,0,16.725,4,657,4,1,0,0,0,0,0,0,0,0,2
5243,10,2,2,0,16.700000000000003,7,632,4,0,1,0,0,0,1,0,0,0,3
1904,12,3,4,0,16.7,3,566,18,0,0,0,1,0,3,0,0,0,2
1249,9,2,2,2,16.7,3,596,0,0,0,0,0,0,3,0,1,0,2
497,7,1,6,0,16.650000000000002,4,564,10,0,0,0,1,0,3,0,0,0,2
2809,14,4,0,0,16.65,6,645,7,0,0,0,0,0,4,0,0,0,2
6922,14,4,2,0,16.55,6,617,7,0,0,0,0,0,3,0,0,0,3
645,7,1,2,0,16.500000000000004,3,624,4,0,0,0,1,0,4,0,0,0,2
5053,9,2,0,0,16.475,9,620,13,1,0,0,1,1,0,0,0,0,3
4588,7,1,0,0,16.45,3,652,2,0,1,0,0,1,2,0,0,1,3
2227,14,4,0,0,16.425,5,606,17,0,0,0,0,2,0,0,0,1,2
7251,16,5,1,0,16.375,7,631,4,0,0,0,0,1,1,0,0,1,3
4037,18,6,1,0,16.175,7,635,0,0,0,0,1,0,3,0,0,0,2
7018,14,4,1,0,16.075000000000003,9,622,3,0,0,0,0,0,4,0,0,0,3
6215,12,3,0,0,16.075,7,631,4,0,0,0,1,1,3,0,0,1,3
6003,12,3,0,0,16.075,7,631,4,0,0,0,0,1,2,0,0,1,3
939,9,2,1,0,15.950000000000001,7,626,0,0,0,0,1,0,1,0,0,0,2
1216,9,2,0,0,15.900000000000002,3,624,4,0,0,0,0,1,3,0,0,1,2
1114,9,2,0,0,15.900000000000002,3,624,4,0,0,0,0,1,2,0,0,1,2
4199,18,6,0,0,15.9,7,636,0,0,0,0,1,0,4,0,0,0,2
247,7,1,2,0,15.875,1,605,2,0,0,0,0,1,1,0,0,1,2
4149,18,6,2,0,15.8,6,602,2,0,0,0,0,1,4,0,0,1,2
6441,14,4,0,0,15.8,2,566,22,0,0,0,0,0,0,0,0,0,3
865,9,2,0,0,15.8,3,620,4,0,1,0,0,0,0,0,0,0,2
777,9,2,0,0,15.8,3,620,4,0,0,0,0,1,0,0,0,1,2
6639,14,4,0,0,15.775,9,622,3,0,0,0,1,0,1,0,0,0,3
6670,14,4,0,0,15.725000000000001,5,617,4,0,0,0,0,0,2,0,0,0,3
6366,12,3,2,0,15.725000000000001,7,563,14,0,0,0,1,0,4,0,0,0,3
6829,14,4,0,0,15.725000000000001,5,617,4,0,0,0,0,0,3,0,0,0,3
5849,12,3,0,0,15.675,8,627,0,0,0,0,0,1,1,0,0,1,3
4130,18,6,2,0,15.675,6,534,23,0,0,0,1,0,3,0,0,0,2
6106,12,3,0,0,15.675,8,627,0,0,0,0,0,1,3,0,0,1,3
1990,12,3,0,0,15.65,5,545,27,0,0,0,1,0,3,0,0,0,2
6099,12,3,2,0,15.600000000000001,5,594,2,0,0,0,1,1,3,0,0,1,3
6535,14,4,0,0,15.6,9,621,1,0,0,0,0,1,1,0,0,1,3
6856,14,4,0,0,15.6,9,621,1,0,0,0,0,1,3,0,0,1,3
6270,12,3,0,0,15.55,3,568,18,1,0,0,0,0,4,0,0,0,3
7932,18,6,0,0,15.55,9,562,20,0,0,0,1,0,1,0,0,0,3
5678,12,3,0,0,15.475,3,565,18,1,0,0,0,0,0,0,0,0,3
4683,7,1,0,0,15.4,9,598,6,4,0,0,1,0,2,0,0,0,3
5282,9,2,1,0,15.375000000000002,7,603,0,0,0,0,1,0,2,0,0,0,3
3068,16,5,1,0,15.325000000000001,9,592,3,0,0,0,1,0,1,0,0,0,2
1502,12,3,0,0,15.325000000000001,9,586,9,0,0,0,1,0,0,0,0,0,2
7517,16,5,11,0,15.225000000000001,0,477,0,0,0,0,1,7,3,0,0,1,3
6954,14,4,0,0,15.100000000000001,9,421,61,1,0,0,1,0,4,0,0,0,3
6122,12,3,1,0,15.0,3,510,26,0,1,0,0,0,3,0,0,0,3
3760,18,6,0,0,14.925,5,597,0,0,0,0,1,0,1,0,0,0,2
7899,18,6,0,0,14.9,6,593,1,0,0,0,0,0,0,0,0,0,3
938,9,2,0,0,14.875,6,547,16,1,0,0,1,0,1,0,0,0,2
3045,16,5,0,0,14.825000000000001,7,551,14,0,0,0,1,0,1,0,0,0,2
1820,12,3,0,0,14.675,4,536,17,0,0,0,1,0,2,0,0,0,2
240,7,1,3,0,14.650000000000002,6,538,4,0,0,0,0,0,1,0,0,0,2
901,9,2,0,0,14.625000000000002,7,573,4,0,0,0,1,0,1,0,0,0,2
4012,18,6,0,0,14.600000000000001,6,557,9,0,0,0,1,0,3,0,0,0,2
1829,12,3,0,0,14.6,4,575,3,0,0,0,0,1,2,0,0,1,2
3940,18,6,0,0,14.55,6,471,37,0,0,0,1,1,2,0,0,0,2
2452,14,4,0,0,14.525000000000002,9,464,39,0,0,0,1,0,2,0,0,0,2
8123,18,6,2,0,14.325000000000001,6,549,0,0,0,0,0,0,2,0,0,0,3
5741,12,3,0,0,14.325000000000001,7,543,10,0,0,0,1,0,0,0,0,0,3
4875,7,1,9,1,14.325,7,441,0,0,1,0,0,0,4,0,1,0,3
5133,9,2,2,1,14.299999999999999,0,461,21,0,0,0,1,0,1,0,1,0,3
854,9,2,0,0,14.225000000000001,5,548,7,0,0,0,0,1,0,0,0,1,2
1701,12,3,0,0,14.075000000000001,5,437,42,0,0,0,1,1,1,0,0,0,2
7312,16,5,1,0,14.075000000000001,3,533,6,0,0,0,1,2,1,0,0,1,3
3414,16,5,0,0,13.95,8,303,85,0,0,0,1,0,3,0,0,0,2
5463,9,2,3,1,13.95,0,495,1,0,0,0,0,0,3,0,1,0,3
5638,9,2,0,1,13.825000000000001,0,463,22,0,0,0,1,0,4,0,1,0,3
3728,18,6,2,0,13.799999999999999,9,510,6,0,0,0,0,0,1,0,0,0,2
2995,16,5,0,0,13.750000000000002,2,538,4,0,0,0,0,1,0,0,0,1,2
1240,9,2,4,2,13.700000000000001,1,452,0,3,0,0,1,1,3,0,1,0,2
3322,16,5,0,0,13.675,7,523,8,0,0,0,1,0,3,0,0,0,2
2921,16,5,0,0,13.675,6,541,2,0,0,0,0,0,0,0,0,0,2
5260,9,2,2,0,13.674999999999999,0,460,21,0,0,0,0,0,2,0,0,0,3
5390,10,2,0,1,13.674999999999999,0,460,21,0,0,0,1,0,2,0,1,0,3
5294,9,2,0,1,13.674999999999999,0,460,21,0,0,0,0,0,2,0,1,0,3
7711,16,5,2,0,13.65,10,483,13,0,0,0,1,1,4,0,0,0,3
4265,18,6,1,0,13.500000000000002,3,522,2,0,0,0,0,0,4,0,0,0,2
2700,14,4,0,0,13.5,10,450,30,0,0,0,1,0,3,0,0,0,2
4960,7,1,1,0,13.475000000000001,3,518,3,0,0,0,0,1,4,0,0,1,3
5160,9,2,0,0,13.450000000000001,3,481,19,0,0,0,0,0,1,0,0,0,3
1754,12,3,0,0,13.425,9,354,61,2,0,0,1,0,2,0,0,0,2
5992,12,3,0,0,13.425,9,354,61,1,0,0,1,0,2,0,0,0,3
894,9,2,0,0,13.425,9,354,61,1,0,0,1,0,1,0,0,0,2
7400,16,5,0,0,13.425,9,354,61,2,0,0,0,0,2,0,0,0,3
7198,16,5,0,0,13.375,9,271,88,2,0,0,1,0,0,0,0,0,3
7476,16,5,1,0,13.350000000000001,10,483,13,0,0,0,1,0,2,0,0,0,3
1141,9,2,0,0,13.275,6,483,16,0,0,0,0,0,2,0,0,0,2
996,9,2,0,0,13.275,6,483,16,0,0,0,1,0,1,0,0,0,2
7926,18,6,0,0,13.200000000000001,0,462,22,0,0,0,0,1,1,0,0,1,3
4165,18,6,0,0,13.2,9,510,6,0,0,0,1,0,4,0,0,0,2
7178,16,5,0,0,13.15,0,463,21,0,0,0,0,0,0,0,0,0,3
4410,7,1,0,0,13.15,3,517,3,0,0,0,0,1,0,0,0,1,3
5464,9,2,0,0,13.125,0,462,21,0,0,0,1,0,3,0,0,0,3
5493,9,2,0,0,13.125,0,462,21,0,0,0,0,0,3,0,0,0,3
5548,9,2,4,1,13.100000000000001,6,452,0,0,0,0,0,0,4,0,1,0,3
4178,18,6,0,0,13.100000000000001,6,524,0,0,0,0,1,0,4,0,0,0,2
2774,14,4,0,0,13.1,0,461,21,0,0,0,1,0,4,0,0,0,2
5112,10,2,0,0,13.1,0,461,21,0,0,0,0,0,0,0,0,0,3
5207,9,2,0,0,13.1,0,461,21,0,0,0,0,1,1,0,0,1,3
1242,9,2,0,0,13.075,0,460,21,0,0,0,1,0,3,0,0,0,2
5050,9,2,0,0,13.075,0,460,21,0,0,0,0,0,0,0,0,0,3
1363,9,2,0,0,13.075,0,460,21,0,0,0,1,0,4,0,0,0,2
1377,9,2,0,0,13.075,0,460,21,0,0,0,0,1,4,0,0,1,2
1135,9,2,0,0,13.075,0,460,21,0,0,0,1,0,2,0,0,0,2
7656,16,5,0,0,13.05,10,483,13,0,0,0,0,1,4,0,0,0,3
6915,14,4,0,0,13.05,10,483,13,0,0,0,1,0,3,0,0,0,3
4885,7,1,7,0,13.05,10,393,15,0,0,0,1,2,4,0,0,1,3
7137,16,5,0,0,13.05,7,501,7,0,0,0,0,1,0,0,0,1,3
803,9,2,0,0,13.025,0,458,21,0,0,0,0,0,0,0,0,0,2
825,9,2,0,0,13.025,0,458,21,0,0,0,0,0,0,0,0,0,2
2563,14,4,0,0,13.025,9,488,11,0,0,0,0,3,2,0,0,1,2
864,9,2,0,0,13.0,3,517,1,0,0,0,1,2,0,0,0,1,2
2502,14,4,1,0,13.0,6,505,1,0,0,0,0,0,2,0,0,0,2
4544,7,1,1,0,12.925,7,496,3,0,0,0,1,1,1,0,0,0,3
914,9,2,0,0,12.825,6,495,6,1,0,0,0,1,1,0,0,1,2
1019,9,2,0,0,12.825,6,510,1,0,0,0,0,0,2,0,0,0,2
7233,16,5,1,0,12.8,4,491,3,0,1,0,0,0,1,0,0,0,3
3958,18,6,0,0,12.775,6,472,13,0,0,0,1,1,2,0,0,1,2
4809,7,1,0,0,12.775,6,472,13,0,0,0,0,2,3,0,0,1,3
2677,14,4,15,4,12.775,6,205,10,0,0,0,1,1,3,0,1,1,2
2402,14,4,1,0,12.675000000000002,8,474,7,0,0,0,1,2,1,0,0,1,2
6123,12,3,0,0,12.675,9,468,13,0,0,0,2,1,3,0,0,0,3
5957,12,3,0,0,12.675,9,468,13,0,0,0,2,1,2,0,0,0,3
3836,18,6,0,0,12.65,9,467,13,0,0,0,1,0,1,0,0,0,2
6828,14,4,1,0,12.625000000000002,9,493,0,2,0,0,0,1,3,0,0,1,3
4581,7,1,3,0,12.6,10,450,6,0,0,0,0,2,2,0,0,1,3
5275,9,2,1,0,12.55,10,397,31,0,0,0,1,1,2,0,0,0,3
7404,16,5,0,0,12.525,8,480,7,0,0,0,0,1,2,0,0,1,3
7427,16,5,0,0,12.525,8,480,7,0,0,0,1,2,2,0,0,0,3
2793,14,4,4,0,12.475,4,427,8,0,0,0,0,1,4,0,0,0,2
7136,16,5,0,0,12.450000000000001,8,477,7,0,0,0,0,2,0,0,0,1,3
2733,14,4,0,0,12.45,9,411,29,0,0,0,1,0,4,0,0,0,2
2694,14,4,0,0,12.375000000000002,8,474,7,0,0,0,1,1,3,0,0,1,2
2834,14,4,0,0,12.375000000000002,8,474,7,0,0,0,1,2,4,0,0,1,2
6665,14,4,0,0,12.325000000000001,9,493,0,0,1,0,0,0,2,0,0,0,3
8102,18,6,0,0,12.3,9,456,12,0,0,0,0,1,2,0,0,1,3
3980,18,6,0,0,12.225000000000001,5,474,5,0,0,0,1,0,2,0,0,0,2
3877,18,6,3,2,12.15,5,399,1,0,0,0,1,2,2,0,1,0,2
6077,12,3,2,0,12.125,4,401,20,0,0,0,0,3,2,0,0,1,3
2147,12,3,3,0,12.100000000000001,8,436,4,0,1,0,0,0,4,0,0,0,2
8276,18,6,0,0,12.0,7,471,3,3,0,0,1,0,3,0,0,0,3
606,7,1,1,0,11.975000000000001,1,467,0,0,0,0,1,0,4,0,0,0,2
3884,18,6,3,0,11.900000000000002,11,428,4,0,0,0,0,1,2,0,0,1,2
4852,7,1,0,0,11.875000000000002,9,448,9,0,0,0,0,0,4,0,0,0,3
87,7,1,0,0,11.850000000000001,8,417,19,0,0,0,0,2,0,0,0,0,2
2807,14,4,11,0,11.85,5,309,11,0,0,0,1,2,4,0,0,0,2
7923,18,6,0,0,11.825000000000001,9,419,18,2,0,0,1,0,1,0,0,0,3
3583,18,6,0,0,11.825,7,440,11,0,0,0,0,0,0,0,0,0,2
3754,18,6,0,0,11.8,6,433,13,0,0,0,0,1,1,0,0,1,2
144,7,1,0,0,11.775000000000002,6,459,4,0,0,0,0,0,0,0,0,0,2
8042,18,6,0,0,11.75,10,452,6,1,0,0,1,0,1,0,0,0,3
439,7,1,0,0,11.75,5,470,0,0,0,0,0,2,3,0,0,1,2
3027,16,5,1,0,11.675,7,455,0,0,0,0,0,1,1,0,0,1,2
2866,14,4,0,0,11.6,6,455,3,0,0,0,0,0,4,0,0,0,2
2954,16,5,0,0,11.575000000000001,3,463,0,0,0,0,0,0,0,0,0,0,2
3655,18,6,0,0,11.55,7,459,1,0,0,0,0,2,0,0,0,1,2
7837,18,6,0,0,11.55,8,432,10,0,0,0,0,4,0,0,0,1,3
3144,16,5,2,0,11.525,9,428,3,0,0,0,1,0,1,0,0,0,2
4689,7,1,0,0,11.375000000000002,6,428,9,0,0,0,0,2,2,0,0,1,3
3330,16,5,0,0,11.375,7,455,0,0,0,0,1,0,3,0,0,0,2
836,9,2,0,0,11.375,7,455,0,0,1,0,0,0,0,0,0,0,2
6679,14,4,1,0,11.350000000000001,5,433,3,0,0,0,0,1,2,0,0,0,3
3982,18,6,0,0,11.325000000000001,6,426,9,0,0,0,1,2,2,0,0,1,2
4096,18,6,0,0,11.325000000000001,6,426,9,0,0,0,0,4,3,0,0,1,2
4221,18,6,0,0,11.325000000000001,6,426,9,0,0,0,1,2,4,0,0,1,2
1945,12,3,1,1,11.3,4,413,1,0,0,0,0,1,3,0,1,0,2
1506,12,3,0,0,11.275,7,451,0,0,0,0,0,0,0,0,0,0,2
7917,18,6,0,0,11.200000000000001,8,427,7,0,0,0,1,0,1,0,0,0,3
6051,12,3,0,0,11.200000000000001,7,436,4,0,0,0,0,1,2,0,0,1,3
7545,16,5,0,1,11.175,7,333,30,6,0,0,1,0,3,0,1,0,3
7510,16,5,0,0,11.175,11,435,4,0,0,0,0,1,3,0,0,1,3
7858,18,6,0,0,11.175,9,423,8,0,0,0,0,1,0,0,0,1,3
6362,12,3,5,0,11.15,7,380,2,0,0,0,1,0,4,0,0,0,3
4487,7,1,0,0,11.125,7,376,23,0,0,0,1,1,1,0,0,1,3
4168,18,6,0,0,11.125,9,430,5,0,0,0,1,0,4,0,0,0,2
4619,7,1,0,0,11.125,7,376,23,0,0,0,0,0,2,0,0,0,3
8023,18,6,0,0,11.100000000000001,11,432,4,1,0,0,0,0,1,0,0,0,3
3985,18,6,3,0,11.075000000000001,4,404,1,0,0,0,1,0,2,0,0,0,2
4602,7,1,1,0,11.075000000000001,9,422,3,0,0,0,0,1,2,0,0,1,3
128,7,1,0,0,11.05,7,421,7,0,0,0,1,0,0,0,0,0,2
5129,9,2,0,0,11.05,9,388,18,0,0,0,0,1,1,0,0,1,3
7195,16,5,0,0,11.025000000000002,11,429,4,1,0,0,0,0,0,0,0,0,3
4006,18,6,0,0,11.025000000000002,11,429,4,0,0,0,0,1,3,0,0,1,2
7278,16,5,0,0,11.025000000000002,11,429,4,1,0,0,0,0,1,0,0,0,3
7853,18,6,0,0,11.025,9,387,18,0,0,0,0,1,0,0,0,1,3
6339,12,3,0,0,11.025,9,387,18,0,0,0,1,0,4,0,0,0,3
5130,9,2,0,0,11.0,3,365,25,0,0,0,1,1,1,0,0,0,3
3581,18,6,0,0,10.975000000000001,11,427,4,0,0,0,0,1,0,0,0,1,2
8445,18,6,0,0,10.975000000000001,4,439,0,0,0,0,0,0,4,0,0,0,3
42,7,1,0,0,10.975000000000001,10,394,15,0,0,0,0,2,0,0,0,1,2
66,7,1,0,0,10.975000000000001,10,394,15,0,0,0,1,2,0,0,0,1,2
8377,18,6,0,0,10.950000000000001,1,429,3,0,0,0,1,0,4,0,0,0,3
2710,14,4,0,0,10.950000000000001,1,429,3,0,0,0,1,0,3,0,0,0,2
5520,9,2,1,0,10.900000000000002,4,424,0,0,1,0,0,0,3,0,0,0,3
5531,10,2,2,0,10.775,7,395,4,1,0,0,1,0,3,0,0,0,3
4952,7,1,0,0,10.775,6,425,2,0,0,0,0,0,4,0,0,0,3
6177,12,3,0,0,10.775,8,425,2,0,0,0,0,1,3,0,0,1,3
6281,12,3,0,0,10.775,8,425,2,0,0,0,0,1,4,0,0,0,3
5683,12,3,0,0,10.750000000000002,8,424,2,0,0,0,0,2,0,0,0,1,3
2030,12,3,0,0,10.675,6,424,1,0,0,0,1,0,4,0,0,0,2
2022,12,3,0,0,10.675,6,424,1,0,0,0,0,0,4,0,0,0,2
269,7,1,0,0,10.65,6,423,1,0,0,0,0,1,1,0,0,1,2
1464,12,3,0,0,10.65,6,423,1,0,0,0,0,0,0,0,0,0,2
4713,7,1,0,0,10.625000000000002,7,368,19,0,0,0,0,1,3,0,0,1,3
2104,12,3,1,0,10.600000000000001,0,412,0,0,0,0,0,0,4,0,0,0,2
5754,12,3,0,0,10.6,6,415,3,0,0,0,1,1,0,0,0,0,3
2650,14,4,0,0,10.45,5,415,1,0,0,0,1,0,3,0,0,0,2
8391,18,6,1,0,10.425,3,405,0,0,0,0,0,0,4,0,0,0,3
7603,16,5,0,0,10.4,0,416,0,0,0,0,0,0,3,0,0,0,3
7383,16,5,1,0,10.350000000000001,6,402,0,0,0,0,1,0,2,0,0,0,3
3990,18,6,1,0,10.3,6,397,1,0,0,0,1,0,2,0,0,0,2
6604,14,4,0,0,10.275000000000002,7,399,4,1,0,0,0,0,1,0,0,0,3
4563,7,1,3,1,10.275,6,342,3,0,0,0,1,1,2,0,1,1,3
8353,18,6,0,0,10.275,10,366,15,2,0,0,0,0,4,0,0,0,3
6005,12,3,0,0,10.25,9,335,25,1,0,0,0,1,2,0,0,1,3
5033,9,2,0,0,10.200000000000001,10,396,4,0,0,0,0,0,0,0,0,0,3
1254,9,2,0,0,10.15,10,373,11,0,0,0,0,1,3,0,0,1,2
5496,9,2,0,0,9.975,0,390,3,0,0,0,0,0,3,0,0,0,3
5873,12,3,0,0,9.950000000000001,6,398,0,0,0,0,0,0,1,0,0,0,3
3579,18,6,0,0,9.95,3,308,30,1,0,0,0,0,0,0,0,0,2
2822,14,4,0,0,9.925,1,391,2,0,0,0,0,2,4,0,0,1,2
3870,18,6,0,0,9.925,1,391,2,0,0,0,0,0,2,0,0,0,2
4011,18,6,0,0,9.925,1,391,2,0,0,0,0,0,3,0,0,1,2
3896,18,6,2,1,9.924999999999999,4,316,11,2,0,0,1,2,2,0,1,0,2
5634,9,2,3,0,9.9,6,354,2,0,0,0,0,0,4,0,0,0,3
8118,18,6,0,0,9.875,6,395,0,0,0,0,0,1,2,0,0,1,3
7866,18,6,0,0,9.850000000000001,6,394,0,0,0,0,0,1,0,0,0,1,3
1698,12,3,0,0,9.8,6,392,0,0,0,0,0,0,1,0,0,0,2
2427,14,4,0,0,9.725000000000001,10,338,17,0,0,0,1,0,1,0,0,0,2
662,7,1,0,0,9.674999999999999,2,339,16,0,0,0,1,0,4,0,0,1,2
452,7,1,0,0,9.674999999999999,2,339,16,0,0,0,1,0,3,0,0,1,2
7052,14,4,0,0,9.600000000000001,7,384,0,0,0,0,0,1,4,0,0,0,3
6541,14,4,2,0,9.6,9,330,10,0,0,0,0,0,1,0,0,0,3
4070,18,6,1,0,9.6,7,369,1,0,0,0,0,2,3,0,0,1,2
7390,16,5,0,0,9.575000000000001,7,371,4,0,0,0,0,1,2,0,0,1,3
256,7,1,0,0,9.450000000000001,6,378,0,0,0,0,1,1,1,0,0,1,2
6789,14,4,0,0,9.425,3,368,3,0,0,0,0,1,2,0,0,1,3
8239,18,6,2,0,9.424999999999999,7,344,3,0,0,0,0,2,3,0,0,1,3
226,7,1,0,1,9.375,6,342,3,0,0,0,0,1,1,0,1,1,2
549,7,1,2,1,9.35,8,317,3,0,0,0,1,8,3,0,1,1,2
7740,16,5,0,0,9.325000000000001,7,331,14,0,0,0,0,1,4,0,0,1,3
1574,12,3,0,0,9.325000000000001,6,373,0,0,0,0,0,0,0,0,0,0,2
2706,14,4,1,0,9.3,6,306,18,0,0,0,0,1,3,0,0,1,2
2697,14,4,1,0,9.3,6,306,18,0,1,0,0,1,3,0,0,1,2
1695,12,3,0,0,9.299999999999999,8,339,11,0,0,0,0,1,1,0,0,1,2
246,7,1,1,0,9.275,7,350,3,0,0,0,0,2,1,0,0,1,2
364,7,1,2,1,9.275,8,314,3,0,0,0,1,8,2,0,1,1,2
1994,12,3,0,0,9.25,9,316,18,0,1,0,0,1,3,0,0,0,2
7283,16,5,0,0,9.225000000000001,8,186,61,2,0,0,0,0,1,0,0,0,3
5899,12,3,0,0,9.225000000000001,8,186,61,2,0,0,1,0,1,0,0,0,3
1230,9,2,0,0,9.225000000000001,8,186,61,2,0,0,1,0,3,0,0,0,2
8315,18,6,9,5,9.225,2,141,0,0,0,0,1,0,3,0,1,0,3
6101,12,3,0,0,9.175,9,337,10,0,0,0,1,0,3,0,0,0,3
7654,16,5,0,0,9.174999999999999,6,364,1,0,0,0,0,1,4,0,0,1,3
3446,16,5,0,0,9.15,10,351,5,0,0,0,1,3,4,0,0,1,2
3176,16,5,0,0,9.15,10,351,5,0,0,0,1,3,2,0,0,1,2
3207,16,5,0,0,9.15,10,351,5,0,0,0,1,2,2,0,0,1,2
6356,12,3,7,0,9.15,7,282,0,0,1,0,0,0,4,0,0,0,3
5774,12,3,0,0,9.1,7,355,3,0,0,0,1,4,0,0,0,1,3
4866,7,1,0,0,9.1,7,340,8,0,0,0,1,0,4,0,0,0,3
4258,18,6,0,0,9.075000000000001,4,348,5,0,0,0,0,1,4,0,0,1,2
667,7,1,1,1,9.05,8,317,3,0,0,0,1,9,4,0,1,1,2
1333,9,2,0,0,9.025,9,238,41,0,0,0,1,0,4,0,0,0,2
1888,12,3,0,0,9.025,9,238,41,2,0,0,0,0,3,0,0,0,2
637,7,1,0,0,9.025,2,283,26,0,0,0,1,0,4,0,0,0,2
2284,14,4,0,0,9.0,6,306,18,1,0,0,0,1,0,0,0,1,2
2252,14,4,0,0,9.0,6,306,18,0,0,0,0,1,0,0,0,1,2
3145,16,5,0,0,8.975,1,359,0,0,0,0,0,1,1,0,0,1,2
2956,16,5,0,0,8.950000000000001,9,352,2,0,0,0,0,0,0,0,0,0,2
2786,14,4,0,0,8.950000000000001,9,337,7,0,0,0,0,1,4,0,0,1,2
2218,14,4,0,0,8.950000000000001,9,337,7,0,0,0,0,2,0,0,0,1,2
7610,16,5,0,0,8.950000000000001,9,337,7,0,0,0,0,1,3,0,0,1,3
306,7,1,0,0,8.950000000000001,9,352,2,0,0,0,0,1,2,0,0,1,2
3085,16,5,0,0,8.925,7,345,4,0,0,0,1,2,1,0,0,1,2
2923,16,5,0,0,8.925,7,345,4,0,0,0,1,2,0,0,0,1,2
1915,12,3,0,0,8.9,7,356,0,0,0,0,0,2,3,0,0,1,2
2113,12,3,0,0,8.9,7,356,0,0,0,0,0,2,4,0,0,1,2
2468,14,4,1,0,8.9,2,344,0,0,0,0,1,0,2,0,0,0,2
1739,12,3,0,0,8.9,7,356,0,0,0,0,0,2,2,0,0,1,2
2637,14,4,1,0,8.875000000000002,6,328,5,0,0,0,1,0,3,0,0,0,2
7190,16,5,0,0,8.875,3,352,1,0,0,0,1,1,0,0,0,1,3
1516,12,3,0,0,8.875,7,355,0,0,0,0,0,2,0,0,0,1,2
6730,14,4,0,0,8.8,8,316,12,0,0,0,1,0,2,0,0,0,3
4463,7,1,0,0,8.8,7,340,4,0,0,0,0,0,1,0,0,0,3
2387,14,4,0,0,8.775,1,333,6,0,1,0,0,0,1,0,0,0,2
3114,16,5,0,0,8.700000000000001,4,342,2,0,0,0,0,4,1,0,0,1,2
6195,12,3,3,0,8.6,5,308,0,0,0,0,0,0,3,0,0,0,3
6563,14,4,10,3,8.6,0,146,2,0,0,0,1,0,1,0,1,0,3
7307,16,5,1,0,8.55,7,327,1,2,0,0,0,0,1,0,0,0,3
7895,18,6,0,0,8.525,7,326,5,0,0,0,0,0,0,0,0,0,3
1834,12,3,0,0,8.5,5,340,0,0,0,0,0,0,2,0,0,0,2
2605,14,4,1,0,8.475,7,300,9,0,0,0,1,2,3,0,0,1,2
1499,12,3,0,0,8.450000000000001,7,302,12,1,0,0,1,2,0,0,0,0,2
621,7,1,1,0,8.450000000000001,8,317,3,0,0,0,1,9,4,0,0,1,2
4419,7,1,3,0,8.45,4,284,6,0,0,0,0,0,1,0,0,0,3
8283,18,6,1,0,8.425,9,307,6,0,0,0,0,5,3,0,0,1,3
6444,14,4,0,0,8.425,8,301,12,2,0,0,1,0,0,0,0,0,3
429,7,1,1,0,8.375,8,314,3,0,0,0,1,9,2,0,0,1,2
165,7,1,1,0,8.35,8,313,3,0,0,0,1,9,1,0,0,1,2
8396,18,6,2,0,8.275,2,262,15,0,0,0,0,1,4,0,0,1,3
3466,16,5,0,0,8.175,7,300,9,0,0,0,1,3,4,0,0,1,2
2615,14,4,0,0,8.175,7,300,9,0,0,0,0,4,3,0,0,1,2
2912,16,5,0,0,8.175,6,327,0,0,0,0,1,0,0,0,0,0,2
1270,9,2,0,0,8.15,8,317,3,0,0,0,1,9,3,0,0,1,2
1067,9,2,0,0,8.15,8,317,3,0,0,0,1,9,2,0,0,1,2
8345,18,6,0,0,8.15,8,323,1,0,0,0,1,0,4,0,0,0,3
2235,14,4,0,0,8.100000000000001,8,294,10,0,0,0,0,0,0,0,0,0,2
3636,18,6,0,0,8.05,3,298,8,0,0,0,0,2,0,0,0,1,2
7628,16,5,0,0,8.05,5,316,2,0,0,0,0,1,3,0,0,1,3
7637,16,5,1,0,8.05,6,310,0,0,0,0,0,1,4,0,0,1,3
204,7,1,0,0,8.05,8,313,3,0,0,0,1,9,1,0,0,1,2
6432,14,4,0,0,7.95,9,303,5,0,0,0,0,1,0,0,0,1,3
1404,9,2,1,0,7.95,2,261,15,0,0,0,0,1,4,0,0,1,2
4159,18,6,0,0,7.925000000000001,3,311,2,1,0,0,1,1,4,0,0,0,2
7227,16,5,10,1,7.85,7,161,3,0,0,0,1,1,1,0,1,0,3
3452,16,5,4,0,7.775000000000001,4,257,2,0,0,0,0,0,4,0,0,0,2
5860,12,3,2,0,7.775,7,287,0,0,0,0,1,0,1,0,0,0,3
4376,7,1,0,0,7.7250000000000005,10,291,6,5,0,0,1,0,0,0,0,0,3
5138,9,2,4,0,7.675000000000001,3,259,0,0,0,0,1,1,1,0,0,0,3
3135,16,5,0,0,7.675000000000001,2,307,0,0,1,0,0,2,1,0,0,0,2
6724,14,4,0,0,7.65,8,306,0,0,0,0,0,0,2,0,0,0,3
5658,9,2,0,0,7.625,2,305,0,0,0,0,1,8,4,0,0,1,3
8214,18,6,7,0,7.575,1,216,1,0,0,0,1,0,3,0,0,0,3
6152,12,3,0,0,7.550000000000001,4,251,17,0,0,0,0,1,3,0,0,1,3
5647,9,2,0,0,7.525,1,298,1,0,0,0,0,1,4,0,0,1,3
3967,18,6,1,0,7.4750000000000005,1,284,1,0,0,0,0,1,2,0,0,1,2
2177,14,4,0,0,7.4750000000000005,6,299,0,0,0,0,0,1,0,0,0,1,2
5019,9,2,0,0,7.425000000000001,8,249,16,0,0,0,1,0,0,0,0,0,3
2674,14,4,3,0,7.425,5,258,1,0,0,0,0,2,3,0,0,1,2
4254,18,6,0,0,7.4,5,278,6,0,0,0,0,1,4,0,0,0,2
1713,12,3,0,0,7.4,10,278,6,0,0,0,0,2,1,0,0,1,2
4686,7,1,2,0,7.375,6,271,0,0,0,0,0,0,2,0,0,0,3
5715,12,3,0,0,7.375,7,295,0,0,0,0,1,3,0,0,0,1,3
5492,9,2,4,0,7.3500000000000005,2,246,0,0,0,0,0,0,3,0,0,0,3
4688,7,1,0,0,7.2250000000000005,2,289,0,0,0,0,1,0,2,0,0,0,3
412,7,1,0,0,7.2250000000000005,3,271,6,0,0,0,1,1,2,0,0,0,2
138,7,1,0,0,7.2,3,270,6,0,0,0,0,0,0,0,0,0,2
7078,16,5,0,0,7.15,1,283,1,0,0,0,1,1,0,0,0,1,3
1599,12,3,3,0,7.125,8,228,7,0,0,0,0,0,1,0,0,0,2
430,7,1,1,0,7.1000000000000005,7,257,5,0,0,0,1,1,2,0,0,0,2
8289,18,6,1,0,7.075,0,268,1,0,0,0,0,0,3,0,0,0,3
8453,18,6,3,1,7.075,9,211,4,1,0,0,1,0,4,0,1,0,3
7163,16,5,0,0,7.075,8,274,3,0,0,0,1,1,0,0,0,1,3
531,7,1,0,0,7.05,4,255,9,2,0,0,1,0,3,0,0,0,2
4382,7,1,0,0,7.025,1,281,0,0,0,0,0,0,0,0,0,0,3
7849,18,6,0,0,6.9750000000000005,1,279,0,0,0,0,0,1,0,0,0,0,3
1024,9,2,0,0,6.9,6,273,1,1,1,0,0,0,2,0,0,0,2
3532,16,5,0,0,6.9,8,174,34,1,0,0,1,0,4,0,0,0,2
8448,18,6,0,0,6.825,5,273,0,0,0,0,0,1,4,0,0,1,3
1095,9,2,0,0,6.8,7,260,4,0,0,0,1,0,2,0,0,0,2
6505,14,4,0,0,6.75,9,261,3,0,0,0,0,0,0,0,0,0,3
2234,14,4,0,0,6.7250000000000005,3,236,11,0,0,0,1,2,0,0,0,0,2
2219,14,4,0,0,6.7250000000000005,3,236,11,0,0,0,1,2,0,0,0,0,2
2448,14,4,0,0,6.7250000000000005,3,236,11,0,0,0,1,2,2,0,0,0,2
2437,14,4,0,0,6.7250000000000005,3,236,11,0,0,0,1,2,1,0,0,0,2
2197,14,4,0,0,6.7250000000000005,3,236,11,0,0,0,1,2,0,0,0,0,2
2496,14,4,0,0,6.7250000000000005,3,236,11,0,0,0,1,2,2,0,0,0,2
4598,7,1,1,0,6.7,7,244,4,0,0,0,0,1,2,0,0,1,3
4870,7,1,0,0,6.675000000000001,7,264,1,0,0,0,0,1,4,0,0,1,3
7444,16,5,2,0,6.674999999999999,4,177,22,0,0,0,1,8,2,0,0,1,3
4456,7,1,0,0,6.625,7,238,9,0,1,0,0,0,1,0,0,0,3
254,7,1,2,0,6.625,4,241,0,0,0,0,0,1,1,0,0,1,2
4589,7,1,1,0,6.575,3,209,14,0,0,0,1,0,2,0,0,0,3
1587,11,3,0,0,6.55,9,235,9,0,0,0,1,0,1,0,0,0,2
3136,16,5,0,0,6.525,7,258,1,0,0,0,0,0,1,0,0,0,2
1975,12,3,0,0,6.5,4,251,3,0,0,0,1,1,3,0,0,1,2
4029,18,6,0,1,6.5,8,233,1,0,0,0,1,0,3,0,1,0,2
1561,12,3,0,0,6.5,4,251,3,0,0,0,0,2,0,0,0,1,2
1922,12,3,0,0,6.5,4,251,3,0,0,0,1,1,3,0,0,1,2
3336,16,5,0,0,6.4750000000000005,6,241,6,0,0,0,1,0,3,0,0,0,2
4777,7,1,0,0,6.45,7,240,6,1,0,0,1,0,3,0,0,0,3
6978,14,4,1,0,6.4,7,241,1,0,0,0,0,1,4,0,0,1,3
2516,14,4,0,0,6.375000000000001,9,252,1,0,0,0,1,1,2,0,0,1,2
2764,14,4,0,0,6.375000000000001,9,252,1,0,0,0,1,0,4,0,0,0,2
328,7,1,2,0,6.375,4,228,1,0,0,0,0,1,2,0,0,1,2
1902,12,3,0,0,6.35,7,173,27,0,0,0,1,0,3,0,0,0,2
6387,14,4,0,0,6.325,9,223,10,0,0,0,0,1,0,0,0,1,3
668,7,1,0,0,6.325,6,253,0,0,0,0,0,0,4,0,0,0,2
8048,18,6,0,0,6.300000000000001,0,252,0,0,0,0,1,1,1,0,0,1,3
8016,18,6,0,0,6.250000000000001,8,244,2,0,1,0,0,0,1,0,0,0,3
3535,16,5,1,0,6.25,9,208,10,6,0,0,1,0,4,0,0,0,2
4116,18,6,0,0,6.225,4,180,23,0,0,0,0,2,3,0,0,1,2
4780,7,1,0,0,6.2,3,248,0,0,0,0,0,0,3,0,0,0,3
3593,18,6,0,0,6.2,4,179,23,0,0,0,0,2,0,0,0,1,2
7605,16,5,0,0,6.175000000000001,2,244,1,0,0,0,0,1,3,0,0,1,3
4922,7,1,0,0,6.175000000000001,9,241,2,0,0,0,1,0,4,0,0,0,3
3833,18,6,1,0,6.175,6,205,10,0,0,0,1,5,1,0,0,1,2
8127,18,6,7,0,6.15,0,159,1,0,0,0,1,0,2,0,0,0,3
4597,7,1,0,0,6.15,4,222,8,0,0,0,0,3,2,0,0,1,3
5760,12,3,0,0,6.125,3,245,0,0,0,0,0,0,0,0,0,0,3
5411,9,2,1,0,6.1000000000000005,8,226,2,0,0,6,0,0,3,0,0,0,3
708,7,1,0,0,6.025,4,241,0,0,0,0,0,3,4,0,0,1,2
8366,18,6,1,0,6.025,4,223,2,0,0,0,0,2,4,0,0,1,3
3215,16,5,2,0,6.0,2,216,0,0,0,0,0,2,2,0,0,1,2
2316,14,4,0,0,5.95,5,238,0,0,0,0,1,1,1,0,0,1,2
6031,12,3,0,0,5.95,0,238,0,0,0,0,1,0,2,0,0,0,3
949,9,2,0,0,5.95,8,223,5,1,0,0,1,0,1,0,0,0,2
8287,18,6,1,0,5.95,1,223,1,0,0,0,1,1,3,0,0,0,3
5613,9,2,0,0,5.95,10,184,18,0,0,0,1,1,4,0,0,1,3
1313,9,2,0,0,5.95,8,223,5,0,0,0,1,0,4,0,0,0,2
8126,18,6,1,0,5.95,1,223,1,2,1,0,0,1,2,0,0,0,3
2681,14,4,5,0,5.95,4,175,1,0,0,0,0,2,3,0,0,0,2
6258,12,3,0,0,5.925000000000001,0,237,0,0,0,0,1,0,4,0,0,0,3
6208,12,3,0,0,5.925000000000001,8,231,2,0,0,0,0,1,3,0,0,1,3
4976,9,2,0,0,5.775,8,225,2,0,0,1,0,0,0,0,0,0,3
3351,16,5,0,0,5.750000000000001,7,224,2,0,0,0,0,1,3,0,0,1,2
3499,16,5,0,0,5.750000000000001,7,227,1,0,0,0,0,1,4,0,0,1,2
3364,16,5,1,0,5.7250000000000005,2,217,0,0,0,0,0,3,3,0,0,1,2
1304,9,2,0,0,5.725,8,172,19,0,0,0,1,0,4,0,0,0,2
259,7,1,0,0,5.675,5,215,4,0,0,0,1,0,1,0,0,0,2
207,7,1,0,0,5.675,5,215,4,0,0,0,1,0,1,0,0,0,2
7813,18,6,0,0,5.65,1,223,1,0,0,0,1,1,0,0,0,0,3
1396,9,2,4,0,5.625,2,165,4,0,0,0,0,1,4,0,0,1,2
3663,18,6,0,0,5.4750000000000005,1,213,2,0,0,0,0,3,0,0,0,1,2
7737,16,5,1,0,5.475,6,195,4,0,0,0,0,1,4,0,0,1,3
4733,7,1,1,0,5.300000000000001,5,194,2,0,0,0,0,0,3,0,0,0,3
844,9,2,0,0,5.3,5,203,3,0,0,0,0,0,0,0,0,0,2
1936,12,3,1,0,5.3,4,185,5,0,0,0,0,1,3,0,0,1,2
1146,9,2,0,0,5.275,2,205,2,0,0,0,1,0,2,0,0,0,2
509,7,1,0,0,5.25,4,186,8,4,0,0,1,1,3,0,0,0,2
12,7,1,0,0,5.2250000000000005,4,206,1,0,0,0,1,1,0,0,0,1,2
5140,9,2,4,0,5.2250000000000005,0,158,1,0,0,0,1,0,1,0,0,0,3
6078,12,3,0,0,5.2,7,205,1,1,0,0,0,0,2,0,0,0,3
5759,12,3,0,0,5.2,7,205,1,1,0,0,0,0,0,0,0,0,3
7981,18,6,0,0,5.2,9,193,5,0,0,0,1,0,1,0,0,0,3
7045,14,4,0,0,5.125000000000001,3,202,1,0,0,0,1,0,4,0,0,0,3
6146,12,3,0,1,5.1,2,168,4,0,0,0,0,3,3,0,1,1,3
745,9,2,0,0,5.075000000000001,3,197,2,0,0,0,1,0,0,0,0,0,2
3350,16,5,0,0,5.050000000000001,6,199,1,0,0,0,0,1,3,0,0,1,2
571,7,1,5,2,5.05,9,91,1,0,0,0,1,8,3,0,1,1,2
1217,9,2,2,0,5.0249999999999995,2,165,4,0,0,0,0,5,3,0,0,1,2
5458,9,2,0,0,5.0,5,200,0,0,0,0,1,0,3,0,0,0,3
8142,18,6,1,1,4.95,0,159,1,0,0,0,1,0,2,0,1,0,3
5949,12,3,0,0,4.95,7,198,0,0,0,0,0,1,1,0,0,1,3
2561,14,4,0,0,4.825,7,187,2,0,0,0,1,0,2,0,0,0,2
1056,9,2,5,0,4.775,9,125,2,0,0,0,0,2,2,0,0,1,2
1933,12,3,0,0,4.750000000000001,6,169,7,0,0,0,0,0,3,0,0,0,2
7907,18,6,0,0,4.75,6,181,3,0,0,0,0,1,0,0,0,1,3
2794,14,4,0,0,4.75,3,187,1,0,0,0,0,2,4,0,0,1,2
921,9,2,1,0,4.75,9,178,0,0,0,0,1,4,1,0,0,1,2
2435,14,4,0,0,4.75,3,187,1,0,0,0,0,1,1,0,0,1,2
2532,14,4,0,0,4.75,3,187,1,0,0,0,0,1,2,0,0,1,2
6488,14,4,0,0,4.7250000000000005,3,186,1,0,0,0,0,1,0,0,0,1,3
2082,12,3,0,0,4.7250000000000005,0,183,2,0,0,0,0,0,4,0,0,0,2
5407,9,2,0,0,4.7250000000000005,3,186,1,0,0,0,0,1,3,0,0,1,3
6671,14,4,0,0,4.7250000000000005,3,186,1,0,0,0,0,1,2,0,0,1,3
1189,9,2,1,0,4.725,2,165,4,0,0,0,1,5,3,0,0,1,2
2438,14,4,0,0,4.6499999999999995,9,162,8,0,0,0,1,1,1,0,0,0,2
6842,14,4,0,0,4.625,9,185,0,0,0,0,1,0,3,0,0,0,3
1451,12,3,0,0,4.625,7,167,6,0,0,0,1,2,0,0,0,0,2
6849,14,4,0,0,4.6,4,175,3,0,1,0,1,0,3,0,0,0,3
6448,14,4,0,0,4.6,4,175,3,0,0,0,2,0,0,0,0,0,3
6500,14,4,0,0,4.575,7,177,2,0,0,0,1,2,0,0,0,0,3
7041,14,4,0,0,4.55,7,167,5,0,0,0,1,0,4,0,0,0,3
6957,14,4,1,0,4.525,9,166,1,0,0,0,0,1,4,0,0,1,3
5977,12,3,0,0,4.5,2,168,4,0,0,0,0,2,2,0,0,1,3
4021,18,6,0,0,4.5,2,168,4,0,0,0,0,1,3,0,0,1,2
4002,18,6,0,0,4.5,2,168,4,0,0,0,0,3,3,0,0,1,2
4193,18,6,0,0,4.5,2,168,4,0,0,0,0,1,4,0,0,1,2
8119,18,6,1,0,4.4750000000000005,6,161,2,0,0,0,0,1,2,0,0,1,3
1169,9,2,4,0,4.4750000000000005,9,125,2,0,0,0,0,1,3,0,0,1,2
6249,12,3,0,0,4.475,2,167,4,0,0,0,0,1,4,0,0,1,3
5700,12,3,0,0,4.475,2,167,4,0,0,0,0,2,0,0,0,1,3
6267,12,3,0,0,4.475,2,167,4,0,0,0,0,2,4,0,0,1,3
630,7,1,0,0,4.45,7,175,1,0,0,0,0,2,4,0,0,1,2
5327,9,2,1,0,4.45,3,166,0,0,1,0,0,0,2,0,0,0,3
807,9,2,0,0,4.425,2,165,4,0,0,0,0,2,0,0,0,1,2
1306,9,2,0,0,4.425,2,165,4,0,0,0,0,2,4,0,0,1,2
3167,16,5,0,0,4.425,2,165,4,0,0,0,0,2,2,0,0,1,2
1131,9,2,0,0,4.425,9,177,0,0,0,0,1,3,2,0,0,1,2
7733,16,5,0,0,4.425,7,177,0,0,0,0,0,1,4,0,0,1,3
773,9,2,0,0,4.4,2,164,4,0,0,0,0,5,0,0,0,1,2
4947,7,1,0,0,4.4,3,170,2,0,0,0,0,0,4,0,0,0,3
3384,16,5,0,0,4.3500000000000005,7,174,0,1,0,0,0,1,3,0,0,0,2
6879,14,4,0,0,4.325,9,155,6,0,0,0,1,1,3,0,0,1,3
522,7,1,0,0,4.300000000000001,5,166,2,0,0,0,1,1,3,0,0,1,2
4926,7,1,0,0,4.175000000000001,6,161,2,0,0,0,1,1,4,0,0,1,3
8141,18,6,0,0,4.175000000000001,6,161,2,0,0,0,0,6,2,0,0,1,3
7483,16,5,0,0,4.175,0,167,0,0,0,0,1,2,2,0,0,0,3
7290,16,5,0,0,4.175,9,155,4,0,0,0,0,1,1,0,0,1,3
2317,14,4,1,0,4.15,8,148,2,0,0,0,0,0,1,0,0,0,2
3081,16,5,0,0,4.15,6,166,0,0,0,0,0,1,1,0,0,1,2
1442,11,3,0,0,4.15,6,160,2,0,0,0,0,1,0,0,0,1,2
2066,12,3,0,0,4.125,7,162,1,1,0,0,0,0,4,0,0,0,2
7133,16,5,0,0,4.125,6,156,3,0,1,0,0,1,0,0,0,1,3
1208,9,2,0,0,4.125,6,156,3,0,0,0,1,1,3,0,0,0,2
4066,18,6,1,0,4.125,6,141,4,0,1,0,0,0,3,0,0,0,2
8215,18,6,0,0,4.1000000000000005,7,161,1,0,0,0,0,1,3,0,0,1,3
4744,7,1,0,0,4.075,6,163,0,0,0,0,0,1,3,0,0,1,3
648,7,1,0,0,4.05,2,159,1,0,1,0,0,2,4,0,0,1,2
2968,16,5,0,0,4.05,2,159,1,1,0,0,0,0,0,0,0,0,2
5744,12,3,0,0,4.025,10,152,3,0,0,0,0,2,0,0,0,1,3
6526,14,4,0,0,4.025,9,143,6,0,0,0,1,0,1,0,0,0,3
69,7,1,0,0,4.0,10,151,3,1,0,0,1,2,0,0,0,1,2
4760,7,1,1,0,3.975,6,141,2,0,0,0,0,1,3,0,0,1,3
8219,18,6,0,0,3.9000000000000004,2,156,0,0,0,0,0,2,3,0,0,1,3
474,7,1,0,0,3.9,4,150,2,0,0,0,0,0,3,0,0,0,2
506,7,1,2,1,3.875,10,107,0,0,0,0,1,1,3,0,1,1,2
4811,7,1,0,0,3.85,4,148,2,0,0,0,0,0,3,0,0,0,3
6831,14,4,0,0,3.825,3,153,0,0,0,0,0,2,3,0,0,1,3
6611,14,4,0,0,3.825,3,153,0,0,0,0,0,1,1,0,0,1,3
4132,18,6,1,0,3.825,9,141,0,0,0,0,0,1,3,0,0,1,2
750,9,2,0,0,3.8000000000000003,3,152,0,0,0,0,0,3,0,0,0,1,2
2311,14,4,1,0,3.8,0,140,0,0,0,0,0,1,1,0,0,1,2
3944,18,6,0,0,3.7250000000000005,8,131,6,0,0,0,1,1,2,0,0,0,2
7703,16,5,7,0,3.7250000000000005,0,62,1,2,0,0,0,0,4,0,0,0,3
1626,12,3,0,0,3.7,9,94,18,0,0,0,1,0,1,0,0,0,2
1479,12,3,0,0,3.7,9,94,18,0,0,0,1,0,0,0,0,0,2
1482,12,3,0,0,3.7,9,94,18,0,0,0,1,0,0,0,0,0,2
1484,12,3,0,0,3.7,9,94,18,0,0,0,1,0,0,0,0,0,2
1623,12,3,0,0,3.7,9,94,18,0,0,0,1,0,1,0,0,0,2
1624,12,3,0,0,3.7,9,94,18,0,0,0,1,0,1,0,0,0,2
1476,12,3,0,0,3.7,9,94,18,0,0,0,1,0,0,0,0,0,2
2656,14,4,0,0,3.7,9,133,5,0,0,0,0,1,3,0,0,1,2
2049,12,3,0,0,3.7,9,94,18,0,0,0,1,0,4,0,0,0,2
2050,12,3,0,0,3.7,9,94,18,0,0,0,1,0,4,0,0,0,2
2684,14,4,0,0,3.6750000000000003,6,147,0,0,0,0,0,1,3,0,0,1,2
7834,18,6,0,0,3.6500000000000004,2,146,0,2,0,0,0,2,0,0,0,1,3
6613,14,4,2,0,3.6000000000000005,3,111,3,0,0,0,0,0,1,0,0,0,3
713,7,1,1,1,3.6,4,72,12,2,1,0,0,0,4,0,1,0,2
6458,14,4,0,0,3.6,1,144,0,1,0,0,1,0,0,0,0,0,3
6429,14,4,0,0,3.6,1,144,0,1,0,0,1,0,0,0,0,0,3
5705,12,3,0,0,3.575,0,143,0,0,0,0,1,1,0,0,0,0,3
4216,18,6,3,0,3.575,10,107,0,0,0,0,1,3,4,0,0,1,2
1365,9,2,0,0,3.575,6,125,6,0,0,0,0,1,4,0,0,1,2
6771,14,4,0,0,3.5500000000000003,1,142,0,0,0,0,1,1,2,0,0,1,3
7191,16,5,0,0,3.5500000000000003,3,142,0,0,0,0,0,1,0,0,0,0,3
548,7,1,0,0,3.5500000000000003,1,142,0,0,0,0,1,2,3,0,0,1,2
136,7,1,0,0,3.5250000000000004,1,141,0,0,0,0,1,2,0,0,0,1,2
5097,9,2,0,0,3.45,2,138,0,0,0,0,0,1,0,0,0,1,3
5062,9,2,0,0,3.4000000000000004,0,136,0,0,0,0,0,0,0,0,0,0,3
6834,14,4,0,0,3.375,6,135,0,0,0,0,1,3,3,0,0,1,3
8415,18,6,0,0,3.3500000000000005,9,131,1,0,0,0,0,1,4,0,0,1,3
7825,18,6,0,0,3.325,5,130,1,3,0,0,1,0,0,0,0,0,3
6567,14,4,0,0,3.325,6,124,3,0,0,0,0,0,1,0,0,0,3
674,7,1,0,0,3.325,10,121,4,0,0,0,0,1,4,0,0,1,2
703,7,1,0,0,3.325,10,121,4,0,0,0,1,1,4,0,0,1,2
287,7,1,0,0,3.325,10,121,4,0,0,0,1,1,1,0,0,1,2
8260,18,6,0,0,3.3,8,114,6,0,0,0,1,0,3,0,0,0,3
6353,12,3,0,0,3.2500000000000004,9,127,1,0,1,0,0,0,4,0,0,0,3
4295,7,1,0,0,3.25,9,124,2,0,0,0,0,1,0,0,0,1,3
3195,16,5,1,0,3.25,5,118,0,0,0,0,0,0,2,0,0,0,2
4460,7,1,0,0,3.25,9,124,2,0,0,0,0,3,1,0,0,1,3
7379,16,5,0,0,3.25,9,124,2,0,0,0,0,1,2,0,0,1,3
4867,7,1,0,0,3.25,9,124,2,0,0,0,0,2,4,0,0,1,3
3037,16,5,1,0,3.25,5,118,0,0,0,0,0,0,1,0,0,0,2
8200,18,6,1,0,3.2,8,113,1,0,0,0,1,2,3,0,0,1,3
6592,14,4,0,0,3.1750000000000003,6,124,1,0,0,0,0,2,1,0,0,1,3
7130,16,5,0,0,3.1750000000000003,6,121,2,0,1,0,0,1,0,0,0,1,3
371,7,1,0,0,3.1750000000000003,3,121,2,0,0,0,1,0,2,0,0,0,2
4337,7,1,0,0,3.175,9,115,4,0,0,0,0,1,0,0,0,1,3
5516,9,2,3,0,3.1,0,88,0,0,0,0,1,2,3,0,0,1,3
8153,18,6,0,0,3.1,1,124,0,0,1,0,0,0,2,0,0,0,3
8010,18,6,0,0,3.0500000000000003,0,122,0,0,0,0,0,1,1,0,0,1,3
8049,18,6,0,0,3.0500000000000003,3,122,0,0,0,0,0,0,1,0,0,0,3
5276,9,2,0,0,3.0250000000000004,5,112,3,0,0,0,1,0,2,0,0,0,3
8321,18,6,0,0,3.0000000000000004,8,117,1,0,0,0,0,0,3,0,0,0,3
7826,18,6,0,0,3.0,0,120,0,0,0,0,1,1,0,0,0,1,3
251,7,1,0,0,2.95,8,112,2,0,0,0,1,0,1,0,0,0,2
4649,7,1,1,0,2.925,3,99,2,0,0,0,1,1,2,0,0,0,3
7915,18,6,0,0,2.9000000000000004,8,113,1,0,0,0,1,1,0,0,0,1,3
4203,18,6,0,0,2.9000000000000004,8,113,1,0,0,0,0,3,4,0,0,1,2
2993,16,5,0,0,2.9,7,110,2,0,0,0,0,1,0,0,0,1,2
6352,12,3,0,0,2.85,1,114,0,0,0,0,0,2,4,0,0,1,3
7631,16,5,4,0,2.825,0,62,1,0,0,0,1,2,3,0,0,1,3
698,7,1,0,0,2.825,6,107,2,0,0,0,1,1,4,0,0,0,2
8204,18,6,0,0,2.825,9,113,0,0,0,0,0,2,3,0,0,1,3
3769,18,6,0,0,2.8000000000000003,7,112,0,0,0,0,1,0,1,0,0,0,2
8383,18,6,0,1,2.8000000000000003,6,79,3,0,0,0,1,0,4,0,1,0,3
3611,18,6,0,0,2.8000000000000003,9,112,0,0,0,0,0,3,0,0,0,1,2
3101,16,5,1,0,2.8,0,91,3,0,0,0,1,0,1,0,0,0,2
6827,14,4,0,0,2.7750000000000004,6,87,8,0,0,0,1,1,3,0,0,1,3
3704,18,6,0,0,2.7750000000000004,2,111,0,0,0,0,1,1,0,0,0,1,2
4707,7,1,0,0,2.7500000000000004,5,107,1,0,0,0,0,1,3,0,0,1,3
6057,12,3,0,0,2.7250000000000005,1,106,1,0,1,0,0,0,2,0,0,0,3
580,7,1,0,0,2.725,8,97,4,0,0,0,1,0,3,0,0,0,2
525,7,1,0,0,2.725,8,97,4,0,0,0,1,0,3,0,0,0,2
546,7,1,0,0,2.725,8,97,4,0,0,0,1,0,3,0,0,0,2
43,7,1,0,0,2.725,8,97,4,0,0,0,1,0,0,0,0,0,2
2411,14,4,0,0,2.725,3,94,5,0,0,0,1,0,1,0,0,0,2
3576,18,6,0,0,2.7,4,72,12,0,0,0,0,0,0,0,0,0,2
5830,12,3,0,0,2.7,10,108,0,0,0,0,1,1,1,0,0,1,3
255,7,1,0,0,2.7,4,72,12,1,0,0,0,0,1,0,0,0,2
4498,7,1,0,1,2.6500000000000004,0,79,1,0,0,0,0,3,1,0,1,0,3
6536,14,4,0,0,2.65,3,100,2,1,0,0,1,1,1,0,0,0,3
1375,9,2,0,0,2.6,9,71,11,0,0,0,1,0,4,0,0,0,2
5029,9,2,0,0,2.6,8,104,0,0,1,0,0,0,0,0,0,0,3
6624,14,4,0,0,2.6,3,104,0,0,0,0,0,2,1,0,0,1,3
1227,9,2,0,0,2.575,9,70,11,0,0,0,1,0,3,0,0,0,2
980,9,2,0,0,2.575,9,70,11,0,0,0,1,0,1,0,0,0,2
3370,16,5,0,0,2.575,0,103,0,0,0,0,1,1,3,0,0,1,2
1193,9,2,0,0,2.575,9,70,11,0,0,0,1,0,3,0,0,0,2
1219,9,2,0,0,2.575,9,70,11,0,0,0,1,0,3,0,0,0,2
7868,18,6,0,0,2.5500000000000003,8,87,5,0,0,0,0,0,0,0,0,0,3
7712,16,5,3,0,2.5250000000000004,0,62,1,1,0,0,0,0,4,0,0,1,3
7766,16,5,0,0,2.5250000000000004,2,101,0,0,0,0,1,3,4,0,0,1,3
7992,18,6,1,0,2.525,6,83,2,0,0,0,1,1,1,0,0,0,3
1841,12,3,1,0,2.5,6,82,2,4,0,0,0,0,2,0,0,0,2
3790,18,6,3,0,2.5,3,64,0,0,0,0,0,1,1,0,0,1,2
3674,18,6,0,0,2.475,6,90,3,0,0,0,1,6,0,0,0,1,2
4654,7,1,0,0,2.45,4,95,1,0,0,0,0,1,2,0,0,1,3
5355,9,2,2,0,2.45,9,74,0,0,0,0,0,2,2,0,0,1,3
6944,14,4,0,0,2.45,3,98,0,0,0,0,0,1,4,0,0,1,3
2876,16,5,0,0,2.4250000000000003,9,88,3,0,0,0,1,1,0,0,0,0,2
5608,9,2,0,0,2.4000000000000004,5,96,0,0,0,0,0,1,4,0,0,1,3
552,7,1,0,0,2.375,1,95,0,0,0,0,1,0,3,0,0,0,2
4343,7,1,0,0,2.35,0,94,0,1,0,0,1,0,0,0,0,0,3
2616,14,4,1,0,2.35,9,76,2,0,0,0,1,3,3,0,0,1,2
558,7,1,0,0,2.35,9,91,1,0,0,0,0,1,3,0,0,1,2
2600,14,4,1,0,2.35,9,76,2,0,0,0,1,4,3,0,0,1,2
3126,16,5,3,0,2.2750000000000004,8,52,1,0,0,0,0,1,1,0,0,1,2
4051,18,6,0,0,2.275,4,91,0,0,0,0,1,0,3,0,0,0,2
3886,18,6,0,0,2.275,4,91,0,0,0,0,1,0,2,0,0,0,2
5027,9,2,0,0,2.25,5,90,0,0,0,0,0,1,0,0,0,1,3
3539,16,5,0,0,2.225,7,89,0,0,0,0,0,0,4,0,0,0,2
6984,14,4,0,0,2.225,6,83,2,3,0,0,0,0,4,0,0,0,3
5590,9,2,0,0,2.225,0,89,0,0,0,0,0,2,4,0,0,1,3
5241,9,2,0,0,2.225,7,86,1,0,0,0,0,1,1,0,0,1,3
5326,9,2,0,0,2.2,0,88,0,0,0,0,0,2,2,0,0,1,3
5431,9,2,0,0,2.2,0,88,0,0,0,0,0,1,3,0,0,1,3
4983,9,2,0,0,2.2,0,88,0,0,0,0,0,2,0,0,0,1,3
5500,9,2,0,0,2.2,0,88,0,0,0,0,0,1,3,0,0,1,3
3543,16,5,0,0,2.1750000000000003,9,84,1,0,0,0,0,1,4,0,0,1,2
2562,14,4,1,0,2.1750000000000003,7,72,1,0,0,0,1,1,2,0,0,0,2
1175,9,2,0,0,2.1750000000000003,6,78,3,0,0,0,0,0,3,0,0,0,2
3354,16,5,0,0,2.1750000000000003,9,84,1,0,0,0,0,1,3,0,0,1,2
4946,7,1,0,0,2.1500000000000004,7,83,1,0,0,0,1,0,4,0,0,0,3
5179,9,2,1,0,2.15,9,74,0,0,0,0,0,1,1,0,0,1,3
6972,14,4,1,0,2.15,9,74,0,0,0,0,1,1,4,0,0,1,3
6767,14,4,2,0,2.125,6,28,11,0,0,0,0,1,2,0,0,1,3
4101,18,6,0,0,2.1,5,81,1,0,0,0,0,1,3,0,0,1,2
2368,14,4,0,0,2.1,6,78,2,1,0,0,0,4,1,0,0,1,2
644,7,1,0,0,2.0500000000000003,3,76,2,0,0,0,0,1,4,0,0,1,2
4848,7,1,0,0,2.0500000000000003,8,76,2,2,0,0,1,0,4,0,0,0,3
6986,14,4,0,1,2.0500000000000003,7,58,0,2,0,0,1,0,4,0,1,0,3
7921,18,6,0,0,2.025,3,75,2,0,0,0,1,2,1,0,0,1,3
4539,7,1,0,0,2.025,3,75,2,0,0,0,0,2,1,0,0,1,3
2498,14,4,1,0,2.0,0,68,0,0,0,0,0,3,2,0,0,1,2
1677,12,3,0,0,1.9500000000000002,2,78,0,0,0,0,1,0,1,0,0,0,2
3267,16,5,1,0,1.95,10,60,2,0,0,0,1,0,2,0,0,0,2
1327,9,2,0,0,1.925,0,77,0,0,0,0,1,0,4,0,0,0,2
7364,16,5,1,0,1.925,0,62,1,0,0,0,0,1,2,0,0,1,3
7643,16,5,1,0,1.925,0,62,1,2,0,0,0,0,4,0,0,1,3
7366,16,5,1,0,1.925,0,62,1,0,0,0,0,1,2,0,0,1,3
6995,14,4,1,0,1.875,6,60,1,0,0,0,0,1,4,0,0,1,3
6581,14,4,0,0,1.85,9,74,0,0,0,0,1,1,1,0,0,1,3
613,7,1,0,0,1.85,9,74,0,0,0,0,0,1,4,0,0,1,2
5366,9,2,0,0,1.85,9,74,0,1,0,0,1,1,2,0,0,1,3
3444,16,5,1,0,1.85,1,62,0,0,0,0,0,2,4,0,0,1,2
5532,10,2,0,0,1.8250000000000002,7,73,0,0,0,0,2,1,3,0,0,0,3
85,7,1,0,0,1.75,9,67,1,0,0,0,0,0,0,0,0,0,2
4120,18,6,1,0,1.725,3,54,1,0,0,0,0,2,3,0,0,1,2
397,7,1,0,0,1.725,9,66,1,0,0,0,1,1,2,0,0,0,2
3955,18,6,1,0,1.725,3,54,1,0,0,0,0,2,2,0,0,1,2
2185,14,4,0,0,1.7000000000000002,0,68,0,0,1,0,0,1,0,0,0,0,2
2477,14,4,0,0,1.7000000000000002,0,68,0,0,0,0,0,1,2,0,0,1,2
8083,18,6,0,0,1.675,7,52,5,0,0,0,0,1,2,0,0,1,3
51,7,1,0,0,1.675,4,67,0,0,0,0,0,1,0,0,0,1,2
6618,14,4,0,0,1.675,7,52,5,0,0,0,0,1,1,0,0,1,3
6885,14,4,0,0,1.675,7,52,5,0,0,0,0,1,3,0,0,1,3
1448,12,3,0,0,1.675,7,67,0,1,0,0,1,0,0,0,0,0,2
601,7,1,1,0,1.6500000000000001,1,54,0,0,0,0,1,0,4,0,0,0,2
1816,12,3,0,0,1.65,10,60,2,0,0,0,1,0,2,0,0,0,2
1522,12,3,0,0,1.625,10,59,2,0,0,0,1,0,0,0,0,0,2
5159,9,2,0,0,1.5750000000000002,1,63,0,0,0,0,0,1,1,0,0,1,3
5056,9,2,0,0,1.5750000000000002,1,63,0,0,0,0,0,2,0,0,0,1,3
577,7,1,1,0,1.5750000000000002,7,48,1,1,0,0,1,0,3,0,0,0,2
5051,9,2,0,0,1.575,6,60,1,0,0,0,0,0,0,0,0,0,3
4212,18,6,0,0,1.575,6,60,1,0,0,0,1,0,4,0,0,0,2
5510,9,2,0,0,1.575,6,60,1,0,0,0,1,0,3,0,0,0,3
6938,14,4,0,0,1.575,6,60,1,0,0,0,0,0,4,0,0,0,3
315,7,1,0,0,1.55,4,62,0,0,0,0,0,4,2,0,0,1,2
4113,18,6,0,0,1.55,1,62,0,0,0,0,0,2,3,0,0,1,2
5445,9,2,0,0,1.55,1,62,0,0,0,0,0,2,3,0,0,1,3
1072,9,2,0,0,1.55,1,62,0,0,0,0,0,1,2,0,0,1,2
1329,9,2,0,0,1.55,1,62,0,0,0,0,0,1,4,0,0,1,2
1031,9,2,0,0,1.55,1,62,0,0,0,0,0,2,2,0,0,1,2
2902,16,5,0,0,1.55,1,62,0,0,0,0,0,1,0,0,0,1,2
163,7,1,0,0,1.55,4,62,0,0,0,0,0,1,1,0,0,1,2
2693,14,4,0,0,1.55,1,62,0,0,0,0,0,1,3,0,0,1,2
3602,18,6,0,0,1.55,1,62,0,0,0,0,0,1,0,0,0,1,2
4243,18,6,0,0,1.55,1,62,0,0,0,0,0,1,4,0,0,1,2
4550,7,1,0,0,1.55,6,62,0,0,0,0,1,0,1,0,0,0,3
5462,9,2,0,0,1.55,1,62,0,0,0,0,0,1,3,0,0,1,3
1307,9,2,0,0,1.55,1,62,0,0,0,0,0,2,4,0,0,1,2
8224,18,6,0,0,1.5250000000000001,1,61,0,0,0,0,0,1,3,0,0,1,3
1004,9,2,0,0,1.5250000000000001,1,61,0,0,0,0,0,2,1,0,0,1,2
8425,18,6,0,0,1.5250000000000001,1,61,0,0,0,0,0,1,4,0,0,1,3
1860,12,3,0,0,1.5250000000000001,6,58,1,0,0,0,1,0,2,0,0,0,2
6028,12,3,0,0,1.475,4,50,3,0,0,0,0,0,2,0,0,0,3
6186,12,3,0,0,1.4500000000000002,4,58,0,0,0,0,0,2,3,0,0,1,3
5688,12,3,0,0,1.4500000000000002,4,58,0,0,0,0,1,1,0,0,0,1,3
7776,18,6,0,0,1.45,4,55,1,0,0,0,0,2,0,0,0,1,3
3118,16,5,1,0,1.45,3,40,2,0,0,0,1,1,1,0,0,1,2
1835,12,3,1,0,1.45,5,43,1,0,0,0,0,3,2,0,0,1,2
3811,18,6,1,0,1.425,2,45,0,0,0,0,1,4,1,0,0,1,2
437,7,1,0,0,1.425,2,57,0,0,0,0,0,2,2,0,0,1,2
4249,18,6,0,0,1.425,3,54,1,0,0,0,0,2,4,0,0,1,2
4564,7,1,0,0,1.425,9,57,0,0,0,0,0,1,2,0,0,1,3
2589,14,4,0,0,1.425,1,57,0,0,0,0,0,3,3,0,0,1,2
6646,14,4,0,0,1.375,6,49,2,0,0,0,0,1,1,0,0,1,3
6756,14,4,0,0,1.375,6,49,2,0,0,0,0,1,2,0,0,1,3
2527,14,4,0,0,1.375,0,52,1,0,0,0,2,0,2,0,0,0,2
5648,9,2,0,0,1.375,8,55,0,0,0,0,1,0,4,0,0,0,3
3687,18,6,0,0,1.375,0,52,1,0,0,0,2,0,0,0,0,0,2
812,9,2,0,0,1.35,4,54,0,0,0,0,0,0,0,0,0,0,2
6544,14,4,0,0,1.35,9,45,3,0,0,0,1,1,1,0,0,1,3
2942,16,5,0,0,1.35,9,54,0,0,0,0,0,1,0,0,0,1,2
3519,16,5,0,0,1.3250000000000002,9,53,0,0,0,0,1,1,4,0,0,1,2
3016,16,5,0,0,1.3250000000000002,9,53,0,0,0,0,0,1,1,0,0,1,2
3485,16,5,0,0,1.3250000000000002,9,53,0,0,0,0,1,1,4,0,0,1,2
3181,16,5,0,0,1.3250000000000002,9,53,0,0,0,0,1,1,2,0,0,1,2
4204,18,6,0,0,1.325,2,50,1,0,0,0,0,7,4,0,0,1,2
7339,16,5,2,0,1.3,0,28,0,1,0,0,1,1,1,0,0,1,3
389,7,1,0,0,1.2750000000000001,7,48,1,0,0,0,1,0,2,0,0,0,2
1523,12,3,0,0,1.2750000000000001,7,48,1,0,0,0,1,2,0,0,0,1,2
4033,18,6,1,0,1.2750000000000001,4,39,0,0,0,0,0,1,3,0,0,1,2
5832,12,3,0,0,1.25,9,50,0,0,0,0,1,0,1,0,0,0,3
5727,12,3,0,0,1.25,8,47,1,0,0,0,1,0,0,0,0,0,3
4674,7,1,0,0,1.25,8,47,1,0,0,0,0,1,2,0,0,1,3
215,7,1,0,0,1.25,7,47,1,0,0,0,0,2,1,0,0,1,2
153,7,1,0,0,1.25,7,47,1,0,0,0,1,0,1,0,0,0,2
4304,7,1,0,0,1.25,9,50,0,0,0,0,0,1,0,0,0,0,3
4459,7,1,0,0,1.25,9,50,0,0,0,0,0,2,1,0,0,1,3
6196,12,3,2,0,1.225,2,25,0,0,0,0,1,1,3,0,0,1,3
8357,18,6,0,0,1.2000000000000002,6,48,0,0,0,0,0,1,4,0,0,1,3
7805,18,6,0,0,1.2000000000000002,6,48,0,0,0,0,0,1,0,0,0,1,3
8378,18,6,0,0,1.2000000000000002,6,48,0,0,0,0,0,2,4,0,0,1,3
7860,18,6,0,0,1.2000000000000002,6,48,0,0,0,0,1,1,0,0,0,1,3
8071,18,6,0,0,1.2000000000000002,6,48,0,0,0,0,0,1,2,0,0,1,3
982,9,2,1,0,1.2,1,36,0,0,0,0,0,0,1,0,0,0,2
7008,14,4,0,0,1.2,4,45,1,0,0,0,0,1,4,0,0,1,3
1349,9,2,2,0,1.2,10,21,1,0,0,0,1,1,4,0,0,1,2
1527,12,3,0,0,1.175,4,35,4,0,0,0,1,0,0,0,0,0,2
1724,12,3,2,0,1.175,8,23,0,0,0,0,1,1,1,0,0,1,2
8470,18,6,0,0,1.175,5,44,1,0,0,0,0,2,4,0,0,1,3
7760,16,5,0,0,1.125,2,45,0,0,0,0,1,3,4,0,0,1,3
6763,14,4,1,0,1.125,2,33,0,0,0,0,0,1,2,0,0,1,3
6381,14,4,0,0,1.1,0,41,1,0,0,0,0,0,0,0,0,0,3
7301,16,5,0,0,1.1,9,44,0,1,1,0,0,0,1,0,0,0,3
5197,9,2,0,0,1.1,0,41,1,0,1,0,0,0,1,0,0,0,3
779,9,2,0,0,1.075,5,37,2,1,0,0,1,0,0,0,0,0,2
4391,7,1,0,0,1.05,5,42,0,0,0,0,0,3,0,0,0,1,3
789,9,2,0,0,1.05,8,42,0,0,0,0,0,1,0,0,0,1,2
7021,14,4,0,0,1.0,8,37,1,0,0,0,1,1,4,0,0,0,3
6647,14,4,1,0,0.9750000000000001,1,27,0,2,0,0,1,1,1,0,0,1,3
5995,12,3,0,0,0.9750000000000001,4,39,0,0,0,0,0,1,2,0,0,1,3
8022,18,6,0,0,0.9750000000000001,4,39,0,0,0,0,0,1,1,0,0,1,3
6183,12,3,0,0,0.925,1,37,0,0,0,0,0,0,3,0,0,0,3
1987,12,3,0,0,0.925,4,31,2,0,0,0,0,1,3,0,0,1,2
3315,16,5,1,0,0.9000000000000001,0,24,0,1,0,0,0,0,3,0,0,1,2
7068,14,4,0,0,0.8500000000000001,2,34,0,0,0,0,0,2,4,0,0,1,3
5616,9,2,0,0,0.85,7,31,1,0,1,0,0,0,4,0,0,0,3
6776,14,4,0,0,0.8250000000000001,0,33,0,0,0,0,0,1,2,0,0,1,3
481,7,1,2,0,0.75,0,6,0,0,0,0,1,0,3,0,0,0,2
4764,7,1,0,0,0.7000000000000001,8,22,2,8,0,0,1,0,3,0,0,0,3
5377,9,2,0,0,0.7000000000000001,2,28,0,0,0,0,1,0,2,0,0,0,3
6657,14,4,0,0,0.7,1,25,1,0,0,0,0,1,2,0,0,1,3
6492,14,4,0,0,0.7,1,25,1,0,0,0,1,2,0,0,0,1,3
4613,7,1,1,0,0.7,1,16,0,0,0,0,1,0,2,0,0,0,3
6883,14,4,0,0,0.675,0,24,1,0,0,0,0,2,3,0,0,1,3
6295,12,3,0,0,0.675,0,24,1,0,0,0,1,2,4,0,0,1,3
6159,12,3,0,0,0.675,0,24,1,0,0,0,0,2,3,0,0,1,3
1948,12,3,0,0,0.65,1,26,0,2,0,0,1,1,3,0,0,1,2
6660,14,4,0,0,0.65,1,26,0,2,0,0,1,1,2,0,0,1,3
2772,14,4,0,0,0.65,1,26,0,2,0,0,1,1,4,0,0,1,2
5057,9,2,0,0,0.625,1,25,0,0,0,0,3,1,0,0,0,0,3
7296,16,5,0,0,0.6000000000000001,3,24,0,0,0,0,0,1,1,0,0,1,3
2893,16,5,0,0,0.6000000000000001,0,24,0,2,0,0,1,1,0,0,0,0,2
1015,9,2,0,0,0.6000000000000001,3,24,0,0,0,0,0,1,2,0,0,1,2
7152,16,5,0,0,0.6,2,21,1,0,0,0,0,9,0,0,0,1,3
813,9,2,0,0,0.6,10,21,1,0,0,0,0,1,0,0,0,1,2
2436,14,4,0,0,0.5750000000000001,8,23,0,0,0,0,0,3,1,0,0,1,2
3994,18,6,0,0,0.5750000000000001,5,17,2,0,0,0,1,0,2,0,0,0,2
3699,18,6,0,0,0.55,5,22,0,0,0,0,0,1,0,0,0,0,2
2032,12,3,0,0,0.525,6,21,0,0,0,0,1,0,4,0,0,0,2
3904,18,6,0,0,0.525,1,21,0,0,0,0,0,0,2,0,0,0,2
8004,18,6,0,0,0.525,0,21,0,0,1,0,0,1,1,0,0,1,3
8349,18,6,0,0,0.525,0,21,0,0,0,0,0,1,4,0,0,1,3
3281,16,5,0,0,0.5,0,17,1,0,0,0,1,0,2,0,0,0,2
6577,14,4,0,0,0.5,9,20,0,0,0,0,0,1,1,0,0,1,3
7205,16,5,0,0,0.47500000000000003,2,19,0,0,0,0,1,1,0,0,0,1,3
8051,18,6,0,0,0.45,1,18,0,0,0,0,1,1,1,0,0,1,3
3009,16,5,0,0,0.42500000000000004,1,17,0,0,0,0,0,1,0,0,0,1,2
6734,14,4,0,0,0.42500000000000004,9,17,0,0,0,0,0,1,2,0,0,1,3
448,7,1,1,0,0.425,7,5,0,0,0,0,0,1,3,0,0,1,2
4470,7,1,0,0,0.4,1,16,0,0,0,0,1,0,1,0,0,0,3
8317,18,6,1,0,0.4,1,4,0,0,0,0,0,0,3,0,0,0,3
4175,18,6,0,0,0.35000000000000003,1,14,0,0,0,0,0,2,4,0,0,1,2
4045,18,6,0,0,0.35000000000000003,1,14,0,0,0,0,0,1,3,0,0,1,2
7821,18,6,0,0,0.325,0,13,0,0,0,0,0,2,0,0,0,0,3
5001,9,2,0,0,0.30000000000000004,0,12,0,0,0,0,1,2,0,0,0,1,3
5018,9,2,0,0,0.30000000000000004,0,12,0,0,0,0,0,1,0,0,0,1,3
5150,9,2,0,0,0.30000000000000004,0,12,0,0,0,0,0,1,1,0,0,1,3
1812,12,3,0,0,0.25,0,10,0,0,0,0,0,2,2,0,0,1,2
7968,18,6,0,0,0.225,5,9,0,0,0,0,1,0,1,0,0,0,3
8115,18,6,0,0,0.225,5,9,0,0,0,0,1,0,2,0,0,0,3
2892,16,5,0,0,0.2,5,8,0,0,0,0,0,2,0,0,0,1,2
513,7,1,0,0,0.17500000000000002,7,7,0,0,0,0,0,5,3,0,0,1,2
8311,18,6,0,0,0.17500000000000002,1,7,0,0,0,0,1,2,3,0,0,1,3
769,9,2,0,0,0.17500000000000002,7,7,0,0,0,0,1,0,0,0,0,0,2
8376,18,6,0,0,0.17500000000000002,1,7,0,0,0,0,1,2,4,0,0,1,3
5155,9,2,0,0,0.17500000000000002,0,7,0,0,0,0,1,1,1,0,0,1,3
1263,9,2,0,0,0.125,1,5,0,0,0,0,1,0,3,0,0,0,2
1048,9,2,0,0,0.125,1,5,0,0,0,0,1,0,2,0,0,0,2
3666,18,6,0,0,0.125,1,5,0,0,0,0,0,2,0,0,0,1,2
943,9,2,0,0,0.125,1,5,0,0,0,0,1,0,1,0,0,0,2
1394,9,2,0,0,0.125,1,5,0,0,0,0,1,0,4,0,0,0,2
5007,9,2,0,0,0.125,0,5,0,0,0,0,1,0,0,0,0,0,3
817,9,2,0,0,0.125,1,5,0,0,0,0,0,0,0,0,0,0,2
772,9,2,0,0,0.1,1,4,0,0,0,0,0,1,0,0,0,1,2
5371,9,2,0,0,0.07500000000000001,0,3,0,0,0,0,1,0,2,0,0,0,3
6615,14,4,0,0,0.07500000000000001,1,3,0,0,0,0,1,0,1,0,0,0,3
507,7,1,0,0,0.07500000000000001,5,3,0,0,0,0,0,1,3,0,0,1,2
7744,16,5,0,0,0.07500000000000001,1,3,0,0,0,0,1,0,4,0,0,0,3
30,7,1,0,0,0.0,6,0,0,0,0,0,0,5,0,0,0,1,2
23,7,1,0,0,0.0,6,0,0,0,0,0,1,1,0,0,0,1,2
